"";"x"
"1";11,628473808257
"2";8,65388304026188
"3";7,39728750063235
"4";4,27161540063363
"5";3,95987307526218
"6";3,84870276822434
"7";3,30163068057525
"8";3,07256273723178
"9";2,73373092756538
"10";2,47001786046628
"11";2,34323915691527
"12";2,28405331581762
"13";2,10047671854277
"14";2,00870906494286
"15";1,932380092173
"16";1,84907079855224
"17";1,75701175998603
"18";1,68477028293946
"19";1,61396360373285
"20";1,54516543569346
"21";1,48898930327579
"22";1,36753069932978
"23";1,32436498682919
"24";1,23487817095617
"25";1,20154575454435
"26";1,1532551965887
"27";1,14214085564414
"28";1,10752549899247
"29";1,03490873108687
"30";1,02290537390783
"31";0,963679232104244
"32";0,941070586912251
"33";0,923554212857095
"34";0,918971431014734
"35";0,857990776659593
"36";0,856919599491758
"37";0,809931109335768
"38";0,775579291923657
"39";0,747559278291879
"40";0,731279068673366
"41";0,717310834797483
"42";0,693681763200189
"43";0,66635616107654
"44";0,657875634722812
"45";0,634250005775457
"46";0,620214383536484
"47";0,602961883142033
"48";0,590475621145712
"49";0,565157792980347
"50";0,552865437689117
"51";0,540787782663302
"52";0,511706594031497
"53";0,501313483744001
"54";0,491040290001911
"55";0,474404236303073
"56";0,466320363144914
"57";0,451332832253914
"58";0,449797572620153
"59";0,442104213623987
"60";0,430594834241844
"61";0,422667478891978
"62";0,410124051437236
"63";0,397947401007393
"64";0,39194889807271
"65";0,388209257032196
"66";0,381956110882501
"67";0,353566746893776
"68";0,343999942463269
"69";0,341978350046757
"70";0,337397916778072
"71";0,329590437900837
"72";0,320112430137221
"73";0,31341210798923
"74";0,308935625808661
"75";0,302056231095671
"76";0,289318719126251
"77";0,285473623810673
"78";0,277302355708147
"79";0,27287031964111
"80";0,26353917386415
"81";0,259213848803081
"82";0,255476460858541
"83";0,252820060562234
"84";0,246483813808645
"85";0,242402929370348
"86";0,237211924232939
"87";0,23070065802454
"88";0,224043685028027
"89";0,218057442815034
"90";0,216294174095804
"91";0,215394550278109
"92";0,205290796393147
"93";0,202915377897508
"94";0,200168667145672
"95";0,198985324860165
"96";0,196843199209219
"97";0,191712460441079
"98";0,19055705037292
"99";0,185192674745259
"100";0,180065094353763
"101";0,178292124863605
"102";0,174275527242289
"103";0,17079945917125
"104";0,166906624918712
"105";0,164894437829578
"106";0,161087796902143
"107";0,158806531560372
"108";0,158523621349413
"109";0,156582234184358
"110";0,152050988094992
"111";0,151233962644388
"112";0,146045421318215
"113";0,145021890249867
"114";0,143301029545583
"115";0,139961727969539
"116";0,137541789881953
"117";0,135502974132027
"118";0,131511442578082
"119";0,128813289093854
"120";0,12809535163035
"121";0,126624938929391
"122";0,124737685881535
"123";0,122320269106655
"124";0,121169659365821
"125";0,117515833248212
"126";0,116192222978531
"127";0,115108231543418
"128";0,113302977842669
"129";0,112726135254441
"130";0,112339827710582
"131";0,110798608407847
"132";0,107146883169442
"133";0,10644523341342
"134";0,104657642421744
"135";0,104038270012201
"136";0,101981594128947
"137";0,100239652749461
"138";0,0997465623618951
"139";0,0965827234622286
"140";0,0961204584872179
"141";0,0955070192669068
"142";0,0949859006060556
"143";0,0925316426671749
"144";0,0905837756359889
"145";0,0896191412215864
"146";0,0890565420074649
"147";0,0877453942437184
"148";0,086708420530617
"149";0,0854839386030315
"150";0,0847314631181059
"151";0,0836299641733931
"152";0,0832599351402817
"153";0,0823947822510178
"154";0,0814357865219022
"155";0,0802221251867284
"156";0,0790823923868479
"157";0,0783503043314338
"158";0,0781638987824691
"159";0,0761293592979005
"160";0,0760760452971417
"161";0,0754933507128023
"162";0,0744667730893242
"163";0,0742038117510441
"164";0,0732667352158145
"165";0,0723119793354906
"166";0,0720247185339071
"167";0,0717765232276724
"168";0,0710189653457526
"169";0,070268068022828
"170";0,0694200762352809
"171";0,0690956919417889
"172";0,068418977472154
"173";0,0678109587374642
"174";0,0669412017791329
"175";0,06674939038833
"176";0,0652753042974239
"177";0,065243490692455
"178";0,0641572972539821
"179";0,0639452569761432
"180";0,0629131270046188
"181";0,0623218932970615
"182";0,0618717223659082
"183";0,0614500219071313
"184";0,0607762688611447
"185";0,0604415554156845
"186";0,0599639948199893
"187";0,0592912403263804
"188";0,0588052191568267
"189";0,0584908883208904
"190";0,058194144740655
"191";0,0576109298733379
"192";0,0567975430541977
"193";0,0565976196013463
"194";0,056504132710066
"195";0,0553393556539358
"196";0,0548464224047686
"197";0,054717287165518
"198";0,0543689690601452
"199";0,0540459079037788
"200";0,0535295575677337
"201";0,052774355930868
"202";0,0523781369534844
"203";0,0518488427055756
"204";0,0512239254446687
"205";0,0511304725297626
"206";0,050819498294062
"207";0,0502995581608953
"208";0,0501331936431938
"209";0,0494154076710169
"210";0,0491221416520437
"211";0,0486377692313498
"212";0,0484941857720536
"213";0,048351373351105
"214";0,0475951651601235
"215";0,0471394591097189
"216";0,0468243624158823
"217";0,046279303512093
"218";0,0460386020896653
"219";0,0458221023134732
"220";0,045779691003145
"221";0,0454680003527915
"222";0,0447016323284435
"223";0,0443696097573755
"224";0,0442571855461496
"225";0,0435142927027832
"226";0,043446302700662
"227";0,0429484508535743
"228";0,0428504034547706
"229";0,0423696127063909
"230";0,042188793023685
"231";0,0419646323941014
"232";0,0416226659958455
"233";0,041250881867151
"234";0,0407898794606067
"235";0,0406408172655861
"236";0,0404479509216338
"237";0,0403904884580872
"238";0,0399656881691415
"239";0,0397657380639953
"240";0,0394260784878438
"241";0,038970180176917
"242";0,0389241218302998
"243";0,0387985846191424
"244";0,0382726962420592
"245";0,0381012214459788
"246";0,0379309844882426
"247";0,037653223812199
"248";0,0373067816018826
"249";0,0372822666550262
"250";0,0368871057801527
"251";0,0368536439166143
"252";0,0367970625266064
"253";0,0361322226257688
"254";0,0361059565919582
"255";0,0358141396387109
"256";0,0357115365574986
"257";0,0353546378192879
"258";0,0349120235860137
"259";0,0346846821491613
"260";0,034474257672413
"261";0,0343615065515184
"262";0,0343414208865378
"263";0,0340536596010574
"264";0,0339419887500274
"265";0,0336389389339759
"266";0,0334269252281751
"267";0,0332763990198798
"268";0,0330016815377326
"269";0,0328351550968215
"270";0,0327241930411877
"271";0,0325058639676625
"272";0,0322370338605007
"273";0,0319756964476923
"274";0,0316644816407373
"275";0,0315247136868001
"276";0,031318400002888
"277";0,0312099126345167
"278";0,0309984935978538
"279";0,0307025617765084
"280";0,0304949624014661
"281";0,0304429211609193
"282";0,03036530336758
"283";0,0302432069566605
"284";0,0299095768813184
"285";0,0298773453255205
"286";0,0297610917203014
"287";0,0296560690012038
"288";0,0294052431798493
"289";0,0292938122148775
"290";0,0290824333972137
"291";0,0289517417373859
"292";0,0288730524201184
"293";0,0287817629321885
"294";0,0285471235828332
"295";0,0282898831051264
"296";0,0281958751705778
"297";0,027971410365484
"298";0,0278492431284422
"299";0,0277440529476585
"300";0,0275833164338891
"301";0,0274491376711566
"302";0,0273331178052823
"303";0,0271790280375362
"304";0,027135193483834
"305";0,026752956385021
"306";0,0266860698156525
"307";0,0266518409545607
"308";0,0264240608654767
"309";0,0263069977832898
"310";0,0262526776015823
"311";0,0260931605569507
"312";0,0259027274541037
"313";0,0258232741411546
"314";0,0256585056508427
"315";0,0255538747331197
"316";0,0254171403442214
"317";0,0252259147050131
"318";0,0251361286246208
"319";0,0247838163051515
"320";0,0246254898621539
"321";0,0245524497745975
"322";0,0244429266848696
"323";0,024380301501213
"324";0,0243071209685603
"325";0,0242592284400571
"326";0,0241403776886354
"327";0,0240184803265046
"328";0,0239606073319581
"329";0,0238361616204269
"330";0,0236295533545867
"331";0,0235156630906791
"332";0,0233977019687943
"333";0,0232896289623636
"334";0,0232073395441599
"335";0,0231077305503926
"336";0,0229766345984688
"337";0,0229237277745585
"338";0,0227705823581055
"339";0,0227549880927994
"340";0,0225204677292787
"341";0,0225078928057515
"342";0,0222671277239929
"343";0,0222051092984256
"344";0,0220438774844339
"345";0,0219726791982639
"346";0,0219174943191783
"347";0,0218091380315197
"348";0,0216719422454564
"349";0,0215704760427781
"350";0,0215006984442259
"351";0,0214546402997373
"352";0,0214006607342485
"353";0,0212454673176477
"354";0,0211263345902934
"355";0,0209800952436993
"356";0,0208120370681383
"357";0,0207084043736616
"358";0,0206571922765233
"359";0,0206197525664661
"360";0,0205270032689116
"361";0,0204523673559247
"362";0,0203770552016012
"363";0,0202745443270615
"364";0,0201353608927796
"365";0,020097653495505
"366";0,0199900830873859
"367";0,0198023879337094
"368";0,0197620572913426
"369";0,0196902766135123
"370";0,0195650306579727
"371";0,019507202707535
"372";0,0194290755910214
"373";0,0193586329566549
"374";0,0193180711284999
"375";0,0190988550918767
"376";0,0189949519186528
"377";0,0189826365935094
"378";0,0188912860062723
"379";0,0187146815787935
"380";0,0186686635957312
"381";0,0186341360273013
"382";0,0185365106025205
"383";0,018479075519696
"384";0,0183347518568915
"385";0,0182618746369377
"386";0,0182375819495192
"387";0,0181091901877502
"388";0,0180857020059046
"389";0,0180385930662368
"390";0,017892145012334
"391";0,0178488436626757
"392";0,0177354763210813
"393";0,0176536215230404
"394";0,0175856294729859
"395";0,0174386928728245
"396";0,0174027436009638
"397";0,0173232972081558
"398";0,0172681498007161
"399";0,0171850854774164
"400";0,017142869347804
"401";0,0170293060999523
"402";0,0169939206869489
"403";0,0169027810828005
"404";0,0168637415768016
"405";0,0167917227534844
"406";0,0166675599236742
"407";0,0166006460168946
"408";0,016582501819309
"409";0,0165105009223642
"410";0,0164466172374027
"411";0,01635086172904
"412";0,0163155582263441
"413";0,0162575518408947
"414";0,0162337206532736
"415";0,0161835932905006
"416";0,0160470922277646
"417";0,0160195669142428
"418";0,0159441637766681
"419";0,0159008759667478
"420";0,015899081844476
"421";0,0158278324561657
"422";0,0157028534257947
"423";0,0156244518356348
"424";0,0155395743179342
"425";0,0154918147901601
"426";0,0154701457896557
"427";0,0154139171000893
"428";0,0153839316782803
"429";0,0153162760545331
"430";0,0152407043225072
"431";0,0151658854271021
"432";0,0151510801106699
"433";0,0150452732422573
"434";0,0150125874371529
"435";0,014976578001259
"436";0,0148464029146198
"437";0,0148063552897729
"438";0,0147263710753658
"439";0,0147043552442471
"440";0,0146808779738812
"441";0,0145458077410431
"442";0,0145148194112844
"443";0,0144478209616258
"444";0,0143687337925732
"445";0,0143479219697172
"446";0,0143101128532869
"447";0,0141393408946609
"448";0,0141112661769637
"449";0,0140649855647133
"450";0,0140085966984339
"451";0,0139417044242759
"452";0,0139170002846662
"453";0,0138938024147625
"454";0,013817794684021
"455";0,0137482355025619
"456";0,0137302617202977
"457";0,0137022948727209
"458";0,0135799754183668
"459";0,0135379110829844
"460";0,0135119750694129
"461";0,0133972700812307
"462";0,0133516602875359
"463";0,0133327058233966
"464";0,0132757035233963
"465";0,013221137152704
"466";0,0131520051959352
"467";0,0131511183368306
"468";0,0131179293898001
"469";0,0131125270772189
"470";0,013054416602241
"471";0,0129929273605986
"472";0,0129336773730071
"473";0,0129004168373579
"474";0,012878308418234
"475";0,0128353198184147
"476";0,0128147330597159
"477";0,0127536716677714
"478";0,0126785194949795
"479";0,012593339088503
"480";0,0125732730899274
"481";0,0125297825544132
"482";0,0125161289767125
"483";0,0124447081489955
"484";0,0123570888093416
"485";0,0123285515674956
"486";0,0123175018044797
"487";0,0122513644467812
"488";0,012216930932119
"489";0,0121741454014873
"490";0,0121615577147075
"491";0,0120992603958592
"492";0,0120302714182454
"493";0,0120010218456223
"494";0,0119643214581322
"495";0,0118908377138544
"496";0,0118527972824383
"497";0,0118124520953155
"498";0,0117987493674363
"499";0,0117586160655193
"500";0,0117241816836992
"501";0,0117210449000092
"502";0,0116741532601694
"503";0,0116195553233618
"504";0,0115952308035249
"505";0,0115672725859285
"506";0,0115480826085495
"507";0,0115354317055712
"508";0,011413710838519
"509";0,0113786213985825
"510";0,0113410728199623
"511";0,0113176116688302
"512";0,0112729055859932
"513";0,01124651630133
"514";0,0112122167230269
"515";0,0111899107518725
"516";0,0111117652943426
"517";0,0111036579090312
"518";0,0110684660472595
"519";0,0110094768047898
"520";0,0109781761931118
"521";0,0109541468927918
"522";0,010937747007257
"523";0,0108399687941408
"524";0,0108120343424885
"525";0,0107720053569375
"526";0,0107626893187624
"527";0,0107191491557485
"528";0,0106654157537751
"529";0,0106541268378161
"530";0,0105923618999907
"531";0,0105533329769039
"532";0,0105289683227775
"533";0,0104842215611006
"534";0,0104765690082774
"535";0,0104329344188668
"536";0,0103626896949616
"537";0,0103252727256894
"538";0,0102790121153381
"539";0,0102652514667601
"540";0,0102155283342099
"541";0,0102021634112465
"542";0,0101877615226179
"543";0,0101541596370579
"544";0,0101070204052834
"545";0,0100721444332654
"546";0,0100346205340362
"547";0,00998253313667568
"548";0,00997815527488826
"549";0,00993514051711544
"550";0,0099109285268048
"551";0,00988771141845273
"552";0,00983534011568474
"553";0,00980579359738603
"554";0,00978295150723942
"555";0,00977438226200947
"556";0,00974658916011936
"557";0,00968836488896006
"558";0,00964142141341553
"559";0,00962208157856993
"560";0,00956767610065116
"561";0,00955612151315606
"562";0,00950973878184896
"563";0,00948827936870059
"564";0,00945687282372417
"565";0,00941490484220045
"566";0,00937777319136441
"567";0,00936809431172058
"568";0,00933983014251789
"569";0,00931126974261549
"570";0,00929671215140586
"571";0,00925244019114944
"572";0,00923011770990571
"573";0,00919293014852941
"574";0,00914814278820412
"575";0,00911869158374883
"576";0,00910072850918352
"577";0,00908100409607334
"578";0,00906141123822139
"579";0,00904107312083343
"580";0,00900346967492311
"581";0,00896761999380481
"582";0,00894462856779195
"583";0,00892482341134501
"584";0,00889724971011394
"585";0,00889687680495904
"586";0,00882851804358309
"587";0,00879275539652618
"588";0,00876813911625033
"589";0,00873788622957252
"590";0,00872082793208196
"591";0,00868287210264808
"592";0,00864295901418092
"593";0,00863007935830379
"594";0,00861604681675376
"595";0,00856177855946666
"596";0,00852849646370009
"597";0,00851492317255842
"598";0,00850544112685802
"599";0,00848626504915053
"600";0,00843925205332939
"601";0,00840789499762985
"602";0,00839653138940794
"603";0,00838137547143966
"604";0,00834580775655568
"605";0,00832039068246891
"606";0,0083174335172373
"607";0,00829996035109187
"608";0,00826125380008989
"609";0,0082302376147363
"610";0,00822189728309245
"611";0,00819919234479594
"612";0,00816733755424967
"613";0,00815065193256858
"614";0,00811878856554981
"615";0,00806982464181171
"616";0,00804788726180283
"617";0,0080225063390184
"618";0,00798915073510539
"619";0,00797585021968516
"620";0,00795469617179438
"621";0,00794454934137716
"622";0,00790758394973831
"623";0,00790207744440134
"624";0,0078901823552444
"625";0,00784601390062135
"626";0,00780946984130048
"627";0,0077895305941087
"628";0,00777973511317686
"629";0,00776927971479695
"630";0,00772079607898024
"631";0,00768700052071636
"632";0,00766924496746728
"633";0,00764476851851703
"634";0,00760901795628853
"635";0,00758765083605688
"636";0,00757966126021035
"637";0,00754579190811127
"638";0,00753204063425614
"639";0,00750999248666223
"640";0,00749178263389788
"641";0,00748791741063088
"642";0,0074537589689981
"643";0,00743526275285088
"644";0,00741493307873516
"645";0,00738668554364143
"646";0,00737269516716527
"647";0,0073602894625478
"648";0,00734093452142336
"649";0,00731789193534198
"650";0,0072959556062591
"651";0,00727858587858513
"652";0,00722999738945992
"653";0,00720323135059697
"654";0,0071948084901412
"655";0,0071770572552094
"656";0,00715483006544494
"657";0,00714502439833621
"658";0,00712394389983335
"659";0,00709873092304069
"660";0,00708110351067066
"661";0,00706200505493631
"662";0,00703573874084565
"663";0,0070245771720626
"664";0,00700562776676747
"665";0,00698002356377025
"666";0,00695226104064162
"667";0,00692827246236312
"668";0,00689011714949194
"669";0,00688215969665392
"670";0,0068758650593058
"671";0,0068660074689342
"672";0,0068595495745897
"673";0,00683393942803893
"674";0,00681381003608617
"675";0,00681060528496424
"676";0,00676773564240914
"677";0,00673630645970821
"678";0,00671823072825358
"679";0,00671387218479806
"680";0,00667439951065341
"681";0,00666703624715387
"682";0,0066541932776865
"683";0,00661892204741041
"684";0,00661356374026234
"685";0,00658742642939067
"686";0,00656817892101447
"687";0,00656328595344043
"688";0,00653823123262173
"689";0,00651776502144895
"690";0,00649234447177826
"691";0,00647326399531089
"692";0,00646539621770215
"693";0,00643589008979263
"694";0,00642531884675389
"695";0,00642140121945965
"696";0,00641282032521708
"697";0,00638012005091293
"698";0,00636966261133456
"699";0,00635473268739775
"700";0,00632741265000661
"701";0,00630396229358358
"702";0,00627886070018053
"703";0,00627202184420783
"704";0,0062587538336344
"705";0,00622786604356919
"706";0,00622489460017099
"707";0,00617518635018294
"708";0,0061669355482138
"709";0,00615900964612707
"710";0,00615112238517283
"711";0,0061418322841109
"712";0,00611368091182579
"713";0,00610142321487615
"714";0,00608557326353148
"715";0,00606981454521348
"716";0,00605081376244151
"717";0,00603302974408127
"718";0,00602721559175531
"719";0,00599034790101671
"720";0,00596751974082859
"721";0,00596553915654128
"722";0,00593416644569213
"723";0,00592541769778127
"724";0,00588058518358059
"725";0,00587950519885149
"726";0,0058750678613803
"727";0,00585119818746882
"728";0,00584230790246099
"729";0,00582989645558833
"730";0,00581682731801272
"731";0,00580829766645748
"732";0,00579887658822156
"733";0,00578465814321799
"734";0,00576535449326603
"735";0,00574324215167071
"736";0,00572741776114874
"737";0,00571837819367005
"738";0,00571012414202069
"739";0,0056922966671085
"740";0,00568922824964319
"741";0,00566280256136435
"742";0,00564466220874385
"743";0,00562729873334469
"744";0,00560248039914197
"745";0,00559415438417594
"746";0,00557945766065208
"747";0,00556962781248026
"748";0,00554617626240595
"749";0,00553528718003865
"750";0,0055075476627031
"751";0,00550040595927167
"752";0,00547260635832226
"753";0,00546566101128628
"754";0,00545704313108641
"755";0,00544257794718877
"756";0,00543799859323282
"757";0,0054121135984703
"758";0,00539294688962621
"759";0,00538477150071743
"760";0,00536571818923764
"761";0,00535568579221055
"762";0,00533711934796062
"763";0,00532513218458435
"764";0,00531253297929959
"765";0,00530143788159134
"766";0,0052868542122349
"767";0,00527599216517605
"768";0,00525522853305951
"769";0,00522617992921761
"770";0,00521418544721505
"771";0,0051931690966132
"772";0,00518832862952978
"773";0,00517567821410297
"774";0,00517207625027122
"775";0,00515837949799265
"776";0,00515233821157972
"777";0,00513770275943723
"778";0,00512693971458656
"779";0,0051098082982941
"780";0,00509181954609282
"781";0,00508006380986195
"782";0,00506870435308469
"783";0,00505199759344132
"784";0,00503070497463044
"785";0,00502842943149467
"786";0,00501159340491401
"787";0,00500444591900925
"788";0,00499367912638495
"789";0,00496781646140147
"790";0,0049561649132691
"791";0,00494712704782975
"792";0,00494154718845471
"793";0,0049270485718998
"794";0,00491021579616509
"795";0,00489827881420745
"796";0,00489173561165167
"797";0,00487656912029467
"798";0,0048598778918995
"799";0,00483800974298264
"800";0,00482220207243686
"801";0,0048087606900484
"802";0,00480239229344583
"803";0,00478851678336207
"804";0,00477371715713579
"805";0,00476339443177128
"806";0,00475684984483379
"807";0,00474303900075195
"808";0,00473034483591401
"809";0,00472261338240856
"810";0,00471853342835512
"811";0,00469738525162208
"812";0,00468514840172689
"813";0,00466433661766319
"814";0,00465656553802286
"815";0,00465132301020218
"816";0,00463839911072389
"817";0,0046174964632645
"818";0,00459677738604328
"819";0,00458800060485473
"820";0,0045841447638557
"821";0,0045700577293763
"822";0,00456408569615027
"823";0,00455766206669294
"824";0,00454272568761628
"825";0,00453474175965432
"826";0,00452250546659267
"827";0,00451291020096333
"828";0,0045071850266972
"829";0,00448436448021414
"830";0,00448018450332346
"831";0,00446511285341624
"832";0,00444980013698355
"833";0,0044396848940601
"834";0,00442480170635102
"835";0,00441843808284576
"836";0,00440080210516714
"837";0,00439857815123507
"838";0,00439089658984642
"839";0,00437408677795875
"840";0,00435683041631598
"841";0,00435556178990576
"842";0,00434924179935453
"843";0,00434294141603071
"844";0,00432328068885662
"845";0,00430172908165377
"846";0,0042984855304181
"847";0,0042914731826825
"848";0,00428090347334962
"849";0,00427692008442558
"850";0,00425736261401759
"851";0,0042275272678755
"852";0,00422581467826685
"853";0,00421689662144938
"854";0,00420463473419916
"855";0,00419857500617553
"856";0,00419035233524444
"857";0,00417620557764757
"858";0,00416747846808067
"859";0,00416501531180372
"860";0,00414676249440354
"861";0,00413300332453636
"862";0,00413062662932577
"863";0,00412426221244086
"864";0,0041018127278911
"865";0,00409723067353237
"866";0,00408651790304483
"867";0,00406926689267394
"868";0,0040552515171118
"869";0,00404830326286137
"870";0,00404029638209178
"871";0,00403289992799207
"872";0,00402561432372025
"873";0,0040152019306366
"874";0,00400522313732584
"875";0,00400057488837315
"876";0,0039938201961196
"877";0,00398380907531036
"878";0,0039670530194572
"879";0,00395617084046563
"880";0,00394956771869723
"881";0,00393717549793529
"882";0,00392482141495493
"883";0,00391556821134007
"884";0,00389841695681971
"885";0,00388722213810307
"886";0,00388150139367995
"887";0,00387829767958694
"888";0,00386786858849733
"889";0,00386506107393796
"890";0,00386241500044291
"891";0,00384114658289639
"892";0,00382659748318816
"893";0,00380931611187503
"894";0,00380040051047007
"895";0,0037936707036582
"896";0,00378599652555423
"897";0,00377854812558479
"898";0,00377557085183175
"899";0,00376895033129287
"900";0,00375882550039721
"901";0,00374417164873884
"902";0,00373969346482185
"903";0,00373680126818218
"904";0,00372744853483251
"905";0,00371331732378397
"906";0,00369501256167248
"907";0,00368180374032599
"908";0,00367326768783917
"909";0,00366050392538109
"910";0,00365101066654113
"911";0,00364154744492227
"912";0,00363542707541893
"913";0,00362236660506976
"914";0,00361852424494197
"915";0,00361064175594356
"916";0,00359456015313829
"917";0,00358114822214802
"918";0,00357499768153634
"919";0,00356553086038548
"920";0,00356448104571995
"921";0,0035608250074557
"922";0,00354125388715949
"923";0,00353543355267257
"924";0,00352860933058808
"925";0,00351791195371544
"926";0,00351058596668209
"927";0,00349854353137134
"928";0,00349421776944513
"929";0,00348710562443987
"930";0,00348172703886221
"931";0,00346907350466613
"932";0,00346776492211661
"933";0,00346162695215218
"934";0,00345039568369405
"935";0,00344508648557217
"936";0,00343859762393558
"937";0,00343268066813359
"938";0,00341889405915077
"939";0,00341226728288288
"940";0,00339697625323415
"941";0,00339171981130423
"942";0,00338780013322566
"943";0,00338156003270198
"944";0,00336698418070065
"945";0,00335996679435149
"946";0,00334907415798199
"947";0,00334037163396326
"948";0,00333528700038195
"949";0,00332988764365106
"950";0,00332706074574259
"951";0,00331310011465217
"952";0,00331141425260153
"953";0,00330144577529909
"954";0,00328622839507742
"955";0,0032843928120029
"956";0,00327138353319203
"957";0,00326477229687006
"958";0,00325865114921717
"959";0,00324696499790027
"960";0,00324068374413536
"961";0,00323726291534983
"962";0,00322745774080034
"963";0,00322025783340762
"964";0,00321677519152136
"965";0,00320212120946051
"966";0,00320044683263344
"967";0,00319291327804503
"968";0,00318666229979435
"969";0,00317703714412787
"970";0,00316459609127427
"971";0,00315769444454369
"972";0,00314676692899419
"973";0,00313459772724366
"974";0,00313116439494655
"975";0,00312394520453036
"976";0,00311306100040755
"977";0,003110383268675
"978";0,00309800195336873
"979";0,0030897186784025
"980";0,00307820468369041
"981";0,00307715399329541
"982";0,00307205497886143
"983";0,00306652589368717
"984";0,00305480673355095
"985";0,00304755196205423
"986";0,00304353532971212
"987";0,00303727497103407
"988";0,00302684846191184
"989";0,00302211140361594
"990";0,00300854402984098
"991";0,00300405776395305
"992";0,00298912659055985
"993";0,0029869759731495
"994";0,00298101436433167
"995";0,0029679036799228
"996";0,00296276392884764
"997";0,00296107027245898
"998";0,0029558239122296
"999";0,00294602181186908
"1000";0,00294358629826908
"1001";0,00293491089508826
"1002";0,00292806470159547
"1003";0,00292350389020198
"1004";0,00291953892188378
"1005";0,00290671536084599
"1006";0,00289747021546249
"1007";0,00289625185824361
"1008";0,00289302130751022
"1009";0,00287272833837251
"1010";0,00286946460446388
"1011";0,00286377122674026
"1012";0,00285742195115548
"1013";0,00285061831222808
"1014";0,00284215817015458
"1015";0,00283750844809852
"1016";0,00283475830268424
"1017";0,00282563265933368
"1018";0,00282107155062535
"1019";0,00281479819143156
"1020";0,00280310276234218
"1021";0,00279203272097055
"1022";0,00278531614337742
"1023";0,00277820635652802
"1024";0,00277094945433881
"1025";0,00276203697877276
"1026";0,00276110739289412
"1027";0,00275160010850861
"1028";0,00274025807686883
"1029";0,00273610581577017
"1030";0,00273382755143559
"1031";0,00272725128206894
"1032";0,00272271901784592
"1033";0,00271325571676684
"1034";0,0027018002367702
"1035";0,00269793270925392
"1036";0,00269176046174818
"1037";0,002678499980865
"1038";0,00267608689020339
"1039";0,00267196456067321
"1040";0,00266824665780618
"1041";0,00265647920779453
"1042";0,00265285742105719
"1043";0,00264658444776713
"1044";0,00264161981621933
"1045";0,00263608671206783
"1046";0,00263134557249068
"1047";0,00262841546621233
"1048";0,00261713585812807
"1049";0,00260407409824561
"1050";0,00260242590041333
"1051";0,00259452973224599
"1052";0,00258900622627487
"1053";0,00258566510089001
"1054";0,00257573921793299
"1055";0,00257156103834629
"1056";0,00256896629192916
"1057";0,0025668169319918
"1058";0,00255450221259064
"1059";0,00254584734573368
"1060";0,00253789961074668
"1061";0,00253559057742512
"1062";0,002527624096187
"1063";0,00252239128971491
"1064";0,0025195759549719
"1065";0,00251485893280928
"1066";0,0025103527966074
"1067";0,00250890852489378
"1068";0,00249718149336648
"1069";0,00248602312317987
"1070";0,00248301770486614
"1071";0,00248050153836899
"1072";0,00247205917771314
"1073";0,00246195772823266
"1074";0,0024592510964712
"1075";0,00245294472520942
"1076";0,00245030999784277
"1077";0,00244519923096406
"1078";0,00243651075913394
"1079";0,00243281988787178
"1080";0,00242690133417423
"1081";0,00241929297429456
"1082";0,00241532357067052
"1083";0,00240547912749259
"1084";0,00239865669882634
"1085";0,00238846246792744
"1086";0,00238206786270826
"1087";0,00237936712060971
"1088";0,00237641378212473
"1089";0,00237482578402065
"1090";0,00237192263203423
"1091";0,002365896161303
"1092";0,00236198754209894
"1093";0,00235987652404823
"1094";0,00235011821824002
"1095";0,00234430036341684
"1096";0,00234048030213498
"1097";0,00232726209990469
"1098";0,00232377239634028
"1099";0,00231670331813413
"1100";0,00230967820361934
"1101";0,00230512269808735
"1102";0,00230196265003968
"1103";0,00229354067926337
"1104";0,0022870238381656
"1105";0,00228232846721923
"1106";0,00227973779001312
"1107";0,00227387119459271
"1108";0,00227196513823079
"1109";0,00226507432777121
"1110";0,00225854831893979
"1111";0,0022535163003836
"1112";0,00224892618045569
"1113";0,00224658041061718
"1114";0,00223894567662573
"1115";0,00223259498200394
"1116";0,00222201461686598
"1117";0,00222064753704723
"1118";0,00221548308156013
"1119";0,00221276458459908
"1120";0,00221064426323074
"1121";0,00220516843743152
"1122";0,0021989840806043
"1123";0,00219519207805274
"1124";0,00219173483305505
"1125";0,00218724603078931
"1126";0,00218257260883821
"1127";0,0021781843027497
"1128";0,00217563613696045
"1129";0,0021646560702677
"1130";0,00216239474733768
"1131";0,00215875509385207
"1132";0,00215601771275988
"1133";0,00214979223347362
"1134";0,00214626229965215
"1135";0,00214131163494051
"1136";0,0021382183468548
"1137";0,00212812730229403
"1138";0,0021243985759361
"1139";0,00212049503517209
"1140";0,00211362951980633
"1141";0,00210690413512205
"1142";0,0021028606156353
"1143";0,00210021145716652
"1144";0,00209367657321969
"1145";0,00208922370228959
"1146";0,00208622104878404
"1147";0,00207996318129309
"1148";0,00207343586879724
"1149";0,00207031598590571
"1150";0,00206229383360909
"1151";0,00205942192880508
"1152";0,00205407658161054
"1153";0,00205214665512815
"1154";0,00204233527155058
"1155";0,00203641445336515
"1156";0,0020351771382015
"1157";0,00202988030165095
"1158";0,00202847463664863
"1159";0,00202010502505313
"1160";0,00201682530162177
"1161";0,00200711576794742
"1162";0,0020042088190508
"1163";0,00200065706346658
"1164";0,00199752432369991
"1165";0,00199349474774784
"1166";0,00198901117132537
"1167";0,00198447326648453
"1168";0,00197354904093901
"1169";0,0019716545416806
"1170";0,00196838242079915
"1171";0,00196423988041434
"1172";0,00195676460101368
"1173";0,0019554099491675
"1174";0,00194988189576323
"1175";0,0019484290453058
"1176";0,00194823694672621
"1177";0,00194098331164798
"1178";0,00193670805907141
"1179";0,00193025110524511
"1180";0,0019254577432278
"1181";0,00191751540996559
"1182";0,00191228276840754
"1183";0,0019086501416878
"1184";0,00190497779575118
"1185";0,00190158618980093
"1186";0,00189939067102919
"1187";0,00189220105966713
"1188";0,00188491246645494
"1189";0,00188145936706282
"1190";0,00188071809072679
"1191";0,00187597456041239
"1192";0,00186833380876038
"1193";0,00186655552621294
"1194";0,0018650058427561
"1195";0,00186020846107715
"1196";0,00185408283990511
"1197";0,00185036822473799
"1198";0,00184605682458526
"1199";0,00184167078847734
"1200";0,00183962940059619
"1201";0,00183501858753407
"1202";0,00183092843727577
"1203";0,00182663952011014
"1204";0,00182588286713708
"1205";0,00182157042683717
"1206";0,00181315608405284
"1207";0,00181069225522139
"1208";0,0018084469134307
"1209";0,00180443188345516
"1210";0,00179974193975471
"1211";0,00179675532173213
"1212";0,0017906531159453
"1213";0,00178783586630517
"1214";0,0017844140394564
"1215";0,00178085297621405
"1216";0,00177889772527413
"1217";0,00176951048149922
"1218";0,00176638778367613
"1219";0,00176416189752313
"1220";0,00176137965721385
"1221";0,00175894920288877
"1222";0,00175583466603523
"1223";0,00175307239825495
"1224";0,00174909368973385
"1225";0,00174325032978593
"1226";0,00173629180066901
"1227";0,00173407681164535
"1228";0,00172742682166352
"1229";0,00172376363331937
"1230";0,00171846979696377
"1231";0,0017169859739497
"1232";0,00171253141748622
"1233";0,00170967851176161
"1234";0,00170606229596553
"1235";0,00170262160452141
"1236";0,00169667047284228
"1237";0,00169132680184237
"1238";0,00168995027476936
"1239";0,00168475933439461
"1240";0,00168273523379745
"1241";0,00167835914388669
"1242";0,00167678793140838
"1243";0,0016726036622929
"1244";0,00167109114491283
"1245";0,00167044393324921
"1246";0,00166473282669814
"1247";0,0016621857148919
"1248";0,00165765286531165
"1249";0,00165583341819072
"1250";0,00165238677325266
"1251";0,0016490838843541
"1252";0,00164377299804413
"1253";0,00164009071158146
"1254";0,00163845042212174
"1255";0,0016322753102145
"1256";0,0016280100336618
"1257";0,00162451289357698
"1258";0,0016238090771696
"1259";0,00162238490391871
"1260";0,00161608351889268
"1261";0,00161111209386171
"1262";0,00160397286137509
"1263";0,00160313822101757
"1264";0,00159942324383498
"1265";0,00159894170058741
"1266";0,00159112675040629
"1267";0,00158463313074341
"1268";0,00158301395319504
"1269";0,00157996267404695
"1270";0,0015778152923529
"1271";0,00157398302165614
"1272";0,00156926543768157
"1273";0,0015681998546676
"1274";0,00156411373418979
"1275";0,001562016589021
"1276";0,00155558263209295
"1277";0,00155445405497232
"1278";0,00154955842095534
"1279";0,0015456401737812
"1280";0,00154449453473545
"1281";0,00153786766961277
"1282";0,00153561807194945
"1283";0,00153354045943157
"1284";0,00153028689358964
"1285";0,00152181210925598
"1286";0,00152170654124673
"1287";0,00151960219377221
"1288";0,00151533636199554
"1289";0,00151380202470893
"1290";0,00150832682208347
"1291";0,00150688409182346
"1292";0,00150207459926369
"1293";0,00149874389087761
"1294";0,00149562892034664
"1295";0,00148921546750857
"1296";0,00148855460592758
"1297";0,00148830480303721
"1298";0,00148315743481296
"1299";0,00147796113411977
"1300";0,00147563714716875
"1301";0,00146868266849335
"1302";0,00146669791854093
"1303";0,00146560881755666
"1304";0,00146270941033297
"1305";0,00145807665197354
"1306";0,00145544095695911
"1307";0,00145234178654877
"1308";0,00145088975794856
"1309";0,00144751923088805
"1310";0,00144216124762527
"1311";0,00143876026555966
"1312";0,00143685384925419
"1313";0,00143564714781672
"1314";0,00143060470142061
"1315";0,00142404188427583
"1316";0,0014194023944026
"1317";0,00141730665762012
"1318";0,00141508749606559
"1319";0,00141320256925416
"1320";0,00140990637315522
"1321";0,00140687824943892
"1322";0,00140493709292401
"1323";0,00139744186606774
"1324";0,00139601374261925
"1325";0,00139095511144408
"1326";0,00139020761653335
"1327";0,00138323413847414
"1328";0,00137955617493975
"1329";0,00137739603266141
"1330";0,00137414980643011
"1331";0,00137104916531212
"1332";0,00137018089449585
"1333";0,00136675825224441
"1334";0,00136240185608053
"1335";0,00136138530742032
"1336";0,00135881404679963
"1337";0,00135724278117632
"1338";0,00135344660393875
"1339";0,00135065685302354
"1340";0,00134797740283245
"1341";0,00134440870211701
"1342";0,00134051708278933
"1343";0,00133811723949013
"1344";0,00133708165188866
"1345";0,00133288397144634
"1346";0,0013308100556141
"1347";0,00132688789419705
"1348";0,00132441454394279
"1349";0,00132259187553616
"1350";0,00132003512368759
"1351";0,00131609545769063
"1352";0,00131388693523758
"1353";0,00131078168511457
"1354";0,00130867216752985
"1355";0,00130391860439693
"1356";0,00130204678369066
"1357";0,00129955113289269
"1358";0,00129790744540675
"1359";0,00129390859504153
"1360";0,00128939456976882
"1361";0,00128635982396387
"1362";0,00128445386509092
"1363";0,00128279287625016
"1364";0,00127891923040266
"1365";0,00127781146611765
"1366";0,0012744103249585
"1367";0,00127227276758624
"1368";0,0012668493915565
"1369";0,00126573190588534
"1370";0,00126357583811991
"1371";0,00125916647150938
"1372";0,00125645261701258
"1373";0,0012529475844887
"1374";0,00124927735946444
"1375";0,00124548647765314
"1376";0,00124498011172353
"1377";0,00124048664625957
"1378";0,00123641304616551
"1379";0,00123489022172324
"1380";0,00123199136388518
"1381";0,00123118380460968
"1382";0,00122918847122778
"1383";0,00122318543347053
"1384";0,00121988295030447
"1385";0,00121779804271133
"1386";0,00121472897434189
"1387";0,00121238337839251
"1388";0,00121068003829674
"1389";0,00120909979449015
"1390";0,00120669484658062
"1391";0,00120377562987837
"1392";0,00120119976656265
"1393";0,00120074839887395
"1394";0,00119582447711806
"1395";0,00119379990749403
"1396";0,001191408510588
"1397";0,00118855299704556
"1398";0,00118752928163113
"1399";0,0011828686522096
"1400";0,00117885925856337
"1401";0,00117779368447032
"1402";0,0011759227843345
"1403";0,00117470040088482
"1404";0,0011712779657367
"1405";0,00116974817485216
"1406";0,0011674071443471
"1407";0,00116459318586639
"1408";0,00116038274583208
"1409";0,00115815792098928
"1410";0,0011568905920139
"1411";0,00115442542082124
"1412";0,00115006889803103
"1413";0,00114920349696677
"1414";0,00114688106017831
"1415";0,00114259374255413
"1416";0,00114209165120394
"1417";0,00113901287308132
"1418";0,001137413995535
"1419";0,00113480831842818
"1420";0,00112917782926685
"1421";0,00112844150412487
"1422";0,00112605059502643
"1423";0,0011241179544054
"1424";0,00112119422178751
"1425";0,00111949226421937
"1426";0,00111869184173261
"1427";0,00111754567288822
"1428";0,00111213425090714
"1429";0,00111111431301224
"1430";0,00110989949207674
"1431";0,00110561847606313
"1432";0,0011047558246004
"1433";0,00110295907154206
"1434";0,00109782240200108
"1435";0,00109570119917173
"1436";0,0010941616950691
"1437";0,00109126250951009
"1438";0,00108967550955132
"1439";0,0010876046815128
"1440";0,00108159062926103
"1441";0,0010809071722537
"1442";0,00107988594451551
"1443";0,00107754705281873
"1444";0,00107608383943148
"1445";0,00107321879128347
"1446";0,00107178351331728
"1447";0,00106863911616521
"1448";0,00106656301504078
"1449";0,00106459164801869
"1450";0,00106138291055756
"1451";0,00105900060681637
"1452";0,00105750857892028
"1453";0,00105708723868651
"1454";0,0010528986184154
"1455";0,00105231073011348
"1456";0,00105146893455174
"1457";0,00104542536146454
"1458";0,00104472998102096
"1459";0,00104255323493161
"1460";0,00103863353019542
"1461";0,00103727931008176
"1462";0,00103528256814602
"1463";0,00103272906757185
"1464";0,00103015078709722
"1465";0,00102874951342041
"1466";0,00102495095931577
"1467";0,00102344068682083
"1468";0,001022405945513
"1469";0,00101998014012195
"1470";0,00101666668757687
"1471";0,00101482561176209
"1472";0,00101298340706654
"1473";0,0010103298701673
"1474";0,00100783327095212
"1475";0,00100744995122285
"1476";0,00100477236257607
"1477";0,00100156433086931
"1478";0,00100036984632929
"1479";0,000999161411097368
"1480";0,000998049889628046
"1481";0,000992010099502591
"1482";0,000990702993656045
"1483";0,00098851070585439
"1484";0,000986746626480267
"1485";0,000984942277073259
"1486";0,000982967202087418
"1487";0,000979297321703756
"1488";0,000978484505731689
"1489";0,000976750522293003
"1490";0,000973784343241596
"1491";0,000970938134750835
"1492";0,000969085998928555
"1493";0,000967394217091722
"1494";0,00096561222452655
"1495";0,000964111970999262
"1496";0,000962181516619024
"1497";0,000958160751729069
"1498";0,000956805119126789
"1499";0,000955779994604238
"1500";0,000953968835492384
"1501";0,00095321420378219
"1502";0,000951018377058118
"1503";0,000947349819168836
"1504";0,000944677944662409
"1505";0,00094402236452359
"1506";0,000942837810853756
"1507";0,000940420096709909
"1508";0,000938880601642833
"1509";0,000936260413047521
"1510";0,000934324172493289
"1511";0,000932206938174932
"1512";0,00093099910828603
"1513";0,000928604192433399
"1514";0,000925452386033081
"1515";0,000924470511722682
"1516";0,000921406229980013
"1517";0,000920258245835509
"1518";0,000918244131145957
"1519";0,000916449876850795
"1520";0,000915381530788328
"1521";0,000914059908508184
"1522";0,000910535124944326
"1523";0,000908109885494878
"1524";0,000906952207533081
"1525";0,000905590132357772
"1526";0,000904675923974991
"1527";0,000900520155001729
"1528";0,00089894014467253
"1529";0,000897962496705067
"1530";0,000897581468857272
"1531";0,000892064082133776
"1532";0,00089050306461521
"1533";0,000889281637806004
"1534";0,000886960500434087
"1535";0,000885402300222982
"1536";0,000884285080703093
"1537";0,00088082858943683
"1538";0,000879948364759138
"1539";0,00087926147878973
"1540";0,000878078629116794
"1541";0,000876443507837914
"1542";0,00087518230509025
"1543";0,000871222030590737
"1544";0,000868827675869469
"1545";0,000867609064783077
"1546";0,000866760156648438
"1547";0,000864457269162764
"1548";0,000861903764298877
"1549";0,000860748626280418
"1550";0,000858896385324169
"1551";0,000856587736215028
"1552";0,000856365795127021
"1553";0,000854572314070976
"1554";0,000852033049346145
"1555";0,000850270223715599
"1556";0,000849097814864279
"1557";0,000846830508031799
"1558";0,000844819844296327
"1559";0,000844272010151457
"1560";0,000842070133785519
"1561";0,00083962815609601
"1562";0,000835912142193194
"1563";0,000834669044886341
"1564";0,000834239649890445
"1565";0,000831440739941029
"1566";0,00083097930652546
"1567";0,000829556783916091
"1568";0,000827135294505809
"1569";0,000825048030404948
"1570";0,000824706925842705
"1571";0,000823078483004469
"1572";0,00082182702317192
"1573";0,000819912959160201
"1574";0,000818018867869972
"1575";0,000816840157503698
"1576";0,000815576789377076
"1577";0,00081345080569116
"1578";0,000812963149658267
"1579";0,000811815423786453
"1580";0,000808660862651345
"1581";0,000807662051726721
"1582";0,00080494294078894
"1583";0,000803471799087787
"1584";0,000802259526887696
"1585";0,00079985704464382
"1586";0,000798719808317817
"1587";0,000796859806143449
"1588";0,000793160008392975
"1589";0,000792299898475445
"1590";0,000790642411398706
"1591";0,000788829865673017
"1592";0,000787322669845546
"1593";0,000786501489696426
"1594";0,000784621090345228
"1595";0,000781103560065163
"1596";0,000778958164267153
"1597";0,000776780843919371
"1598";0,000775430698260147
"1599";0,000774546568858287
"1600";0,000772304587852524
"1601";0,000771288483049511
"1602";0,000770834829727513
"1603";0,000768888394817326
"1604";0,000766671639449246
"1605";0,00076591965450882
"1606";0,000764484224001589
"1607";0,000763542622742134
"1608";0,000760804394629443
"1609";0,000759430128170579
"1610";0,00075707642085062
"1611";0,00075458136289937
"1612";0,000753632820767279
"1613";0,000753271428081294
"1614";0,000749969798431008
"1615";0,000749568274417571
"1616";0,000746260711736224
"1617";0,000745851140258478
"1618";0,000744242358215147
"1619";0,000742125087235385
"1620";0,000741112175594952
"1621";0,000738451964062066
"1622";0,000737756806123925
"1623";0,000736720943189735
"1624";0,00073636788282292
"1625";0,000734558879571564
"1626";0,000732814584423371
"1627";0,000731122794878273
"1628";0,000727705032776349
"1629";0,000726722057351201
"1630";0,000726430521224337
"1631";0,000724383173370704
"1632";0,000722999175598886
"1633";0,00072195693543532
"1634";0,000720836585952945
"1635";0,000719034023906928
"1636";0,000718557330186739
"1637";0,000716901398529572
"1638";0,000715341078092787
"1639";0,000713970843636122
"1640";0,000711417549951633
"1641";0,000710472329753609
"1642";0,000709608685966781
"1643";0,000707926853572655
"1644";0,00070533916176328
"1645";0,000704817235632244
"1646";0,000702850998336054
"1647";0,000701506671308613
"1648";0,000700086267596151
"1649";0,0006990828624822
"1650";0,000697039284364037
"1651";0,000695072107033159
"1652";0,000692983221024861
"1653";0,000691987226817336
"1654";0,000690278988894355
"1655";0,000689280402983172
"1656";0,000688936366381815
"1657";0,000687005389508997
"1658";0,000685405676338713
"1659";0,000685019109453592
"1660";0,000684366012235744
"1661";0,000681931734575205
"1662";0,000681104842563713
"1663";0,00067887277812471
"1664";0,000678296769595689
"1665";0,000677266696404461
"1666";0,000675983359114526
"1667";0,000673687465905486
"1668";0,000671234988167466
"1669";0,000669401319101659
"1670";0,000669179919069603
"1671";0,000667662669707565
"1672";0,00066589522723568
"1673";0,000665401338034494
"1674";0,000663907972966118
"1675";0,000663285627831508
"1676";0,000661819305856469
"1677";0,000660325405164726
"1678";0,000658907035566213
"1679";0,000657163070272429
"1680";0,00065606274201039
"1681";0,000653921605322259
"1682";0,00065275623695863
"1683";0,000649602858249
"1684";0,000648738645712059
"1685";0,000647350027667994
"1686";0,000646898005968078
"1687";0,000646333612222895
"1688";0,000643777472064861
"1689";0,000642370411053465
"1690";0,000641442328412273
"1691";0,00063896415600079
"1692";0,000638093031780106
"1693";0,000636079164061899
"1694";0,00063587463260015
"1695";0,000635063652931012
"1696";0,000634485529379702
"1697";0,000631354644704072
"1698";0,000630070125704975
"1699";0,000628224483442046
"1700";0,000627851166110207
"1701";0,000627192210632011
"1702";0,000626033867184772
"1703";0,000624822979066991
"1704";0,000623942915173778
"1705";0,000622754044535588
"1706";0,000621966151134716
"1707";0,000620572444266737
"1708";0,000619435334003385
"1709";0,000616409623804625
"1710";0,000614061237468827
"1711";0,000613362045092508
"1712";0,000612174786465763
"1713";0,000611071828971206
"1714";0,000610128612193642
"1715";0,000609098502531535
"1716";0,000607882000704444
"1717";0,000604138200574544
"1718";0,000603655814520728
"1719";0,000602335771289797
"1720";0,00060153339858708
"1721";0,000600934001101733
"1722";0,00059954097000017
"1723";0,000598947191105465
"1724";0,000597194472716894
"1725";0,000596203309482933
"1726";0,000595396595136988
"1727";0,000594662033431778
"1728";0,000593679469008866
"1729";0,000591909786407149
"1730";0,000591117843470734
"1731";0,000589930389089903
"1732";0,000588440569311474
"1733";0,000587226438522976
"1734";0,000586098846021472
"1735";0,000585131448675357
"1736";0,000584380699857403
"1737";0,000583245629921501
"1738";0,000581378220022999
"1739";0,000580922409892701
"1740";0,000580486057150702
"1741";0,000579354474567439
"1742";0,000576460500020742
"1743";0,00057585538617029
"1744";0,000575165738373503
"1745";0,000574459948288678
"1746";0,000572622105264585
"1747";0,000572044395599454
"1748";0,000569872588152524
"1749";0,000569136951302262
"1750";0,000568970546985922
"1751";0,000567800516053862
"1752";0,000565976716157618
"1753";0,000564933351079319
"1754";0,000564180544062593
"1755";0,0005631906041487
"1756";0,000561156326943933
"1757";0,00056039376193607
"1758";0,000559827049129026
"1759";0,00055743404753346
"1760";0,000556919350461015
"1761";0,000555749084742358
"1762";0,000554516169291953
"1763";0,000553859766760072
"1764";0,000552047475204745
"1765";0,000551406995037371
"1766";0,000550887262709008
"1767";0,000549533039468135
"1768";0,000548267647974853
"1769";0,000547426376591274
"1770";0,000546242427046668
"1771";0,000544899361227332
"1772";0,000544030068038895
"1773";0,000542999501537754
"1774";0,000540660373588635
"1775";0,000540215874160493
"1776";0,000538377799752766
"1777";0,000537061370837125
"1778";0,000536431770639226
"1779";0,000535343497643928
"1780";0,000534689615681023
"1781";0,000533000486016828
"1782";0,000532143637711541
"1783";0,000531719972038238
"1784";0,000530880022643467
"1785";0,000530122276567794
"1786";0,000529661946457064
"1787";0,000527700867065334
"1788";0,000527023780725492
"1789";0,000526747900432191
"1790";0,000525469356290603
"1791";0,000524081091639161
"1792";0,000523266094332963
"1793";0,000521959420017451
"1794";0,000521942749806716
"1795";0,000518691430956199
"1796";0,000518062870572761
"1797";0,00051649934176676
"1798";0,000515847508166316
"1799";0,000515008401151792
"1800";0,000513288819216929
"1801";0,0005125249199762
"1802";0,000511574668289142
"1803";0,000510335120898972
"1804";0,000509646889825612
"1805";0,000508639683921758
"1806";0,000507658446458504
"1807";0,000506632374877151
"1808";0,000505861617249067
"1809";0,000504421781136375
"1810";0,000503712646113068
"1811";0,000502678058127907
"1812";0,000501880280300259
"1813";0,000501205248336395
"1814";0,000500315179023048
"1815";0,000499352829795628
"1816";0,00049830160877646
"1817";0,000497679351964193
"1818";0,000495971516341457
"1819";0,000495368048925941
"1820";0,000494263902768473
"1821";0,000493457065034484
"1822";0,000492020549132707
"1823";0,000491151057265735
"1824";0,000490073680380751
"1825";0,000489055051462166
"1826";0,000488329545526218
"1827";0,000487042108042673
"1828";0,000485859145367113
"1829";0,000485429153048239
"1830";0,000483875667916486
"1831";0,000483681755282679
"1832";0,000481419083835415
"1833";0,000481158293931639
"1834";0,000480168231353069
"1835";0,000479766072423524
"1836";0,000478595135748918
"1837";0,000476920044800874
"1838";0,000476263739968413
"1839";0,000475232146011028
"1840";0,000473738194206578
"1841";0,000473074541800492
"1842";0,000472437565817882
"1843";0,000471517013591691
"1844";0,000470689819211777
"1845";0,000469305137370036
"1846";0,000469155911684294
"1847";0,000468386501521972
"1848";0,000467276097297718
"1849";0,000465847895293288
"1850";0,000465502365895656
"1851";0,000464726102818248
"1852";0,000464318150715051
"1853";0,000462936406812858
"1854";0,000461857346187321
"1855";0,000461035171082149
"1856";0,000459219753481265
"1857";0,00045799321229489
"1858";0,000457302234296924
"1859";0,000456927141167833
"1860";0,000456301072662438
"1861";0,000454798177423964
"1862";0,000454138936819004
"1863";0,000453574273795256
"1864";0,000452771871239656
"1865";0,000451682756518637
"1866";0,000451538307370122
"1867";0,000450588145105379
"1868";0,000449109651566801
"1869";0,000448421370322873
"1870";0,000447489010384445
"1871";0,000446677130324686
"1872";0,000445384662344803
"1873";0,000445134003585177
"1874";0,000444287951169715
"1875";0,000443023095354956
"1876";0,000441989485855217
"1877";0,000441609487938703
"1878";0,000441220623194186
"1879";0,000440378253233608
"1880";0,000439568881292241
"1881";0,000438464730036997
"1882";0,00043764822462045
"1883";0,000437138215479427
"1884";0,000436095486140386
"1885";0,000435566695316409
"1886";0,00043481901247938
"1887";0,00043361609298174
"1888";0,000433162438330283
"1889";0,000431488995462481
"1890";0,000430111952292957
"1891";0,000429584710363919
"1892";0,000429336713315345
"1893";0,000428477290971599
"1894";0,000427827357768054
"1895";0,000426473750958312
"1896";0,000425812081101679
"1897";0,000425035001663594
"1898";0,000424299394027378
"1899";0,000423141564434763
"1900";0,000422428133567271
"1901";0,000421662842831126
"1902";0,000421015831625157
"1903";0,000420619934753885
"1904";0,000419000017332498
"1905";0,000418018083720588
"1906";0,000417793525758932
"1907";0,000417190063627651
"1908";0,000415646068714048
"1909";0,000415381430179714
"1910";0,000413857882134777
"1911";0,000413264406053659
"1912";0,000413009491500092
"1913";0,000411093707131543
"1914";0,000410695179588076
"1915";0,000409932277210703
"1916";0,000409249230456151
"1917";0,000408833925130054
"1918";0,000408011629521229
"1919";0,000407325608825475
"1920";0,000406925147810711
"1921";0,000406653843236088
"1922";0,000406057053393626
"1923";0,000404430186436697
"1924";0,000402956510364925
"1925";0,00040224465620969
"1926";0,000401634048286604
"1927";0,000400828669261497
"1928";0,000400446459926995
"1929";0,00039959865615597
"1930";0,000399057000716916
"1931";0,000398048990486606
"1932";0,000397263936550258
"1933";0,000396205920971841
"1934";0,00039575301432034
"1935";0,000394873352728008
"1936";0,000394171441367351
"1937";0,000393572666142184
"1938";0,000393316508424445
"1939";0,000392127094898272
"1940";0,000390907300399181
"1941";0,000390366499369149
"1942";0,000388780919139463
"1943";0,000388126630331031
"1944";0,000388053438314995
"1945";0,000386337526792126
"1946";0,000385455556799772
"1947";0,000384429740652945
"1948";0,000384257207345574
"1949";0,000382924257054921
"1950";0,000382405401249302
"1951";0,000381911675893206
"1952";0,000381467342721452
"1953";0,000379980522510991
"1954";0,000379581075812882
"1955";0,000378786950518292
"1956";0,000378086492648514
"1957";0,000377466421763441
"1958";0,00037631362088906
"1959";0,000375275945005265
"1960";0,000374846930925421
"1961";0,000373659548848117
"1962";0,000373403089497355
"1963";0,000373062034316671
"1964";0,000372896970331833
"1965";0,000371300716742761
"1966";0,000369722906337761
"1967";0,000369324245051726
"1968";0,000368551822041081
"1969";0,000368121994846845
"1970";0,000367283718885407
"1971";0,00036682783910387
"1972";0,000366407582443986
"1973";0,000365564321230763
"1974";0,00036484942332133
"1975";0,000363785707494484
"1976";0,000363622101090526
"1977";0,000362547535057362
"1978";0,000361788588491866
"1979";0,00036050412203609
"1980";0,000359555060284636
"1981";0,000359477766935443
"1982";0,000358149854003588
"1983";0,000357698840909863
"1984";0,000357423562483173
"1985";0,00035680585284944
"1986";0,0003558485283085
"1987";0,000355330983423349
"1988";0,000354539127019738
"1989";0,000353840039791892
"1990";0,000353772006974305
"1991";0,000352721557034428
"1992";0,00035228121084292
"1993";0,000351151764574528
"1994";0,0003505308135772
"1995";0,000350196881163787
"1996";0,000349311868675505
"1997";0,000348113198466684
"1998";0,000347810396302431
"1999";0,000347212591901932
"2000";0,000347087978339402
"2001";0,000346552063941454
"2002";0,000345673390603927
"2003";0,000345095422002148
"2004";0,000344338404206278
"2005";0,000344213894361974
"2006";0,000342643698362414
"2007";0,000341499354895776
"2008";0,000341169675150816
"2009";0,000340837745667877
"2010";0,000340236645953749
"2011";0,000339010649804907
"2012";0,000338399440016189
"2013";0,000338165843865267
"2014";0,000337323394836737
"2015";0,000335909853595287
"2016";0,000335630185335964
"2017";0,000334794800353252
"2018";0,000334194891204202
"2019";0,00033316528612189
"2020";0,000332603195727019
"2021";0,000332184343504181
"2022";0,000331528161855635
"2023";0,000330820877584391
"2024";0,000329973347756646
"2025";0,00032862795057497
"2026";0,00032832371953708
"2027";0,000327603181342572
"2028";0,000327098233516131
"2029";0,000326395606660561
"2030";0,00032581303873857
"2031";0,000325477902739092
"2032";0,000325117341682577
"2033";0,000324542911231614
"2034";0,000324113910227073
"2035";0,000323278034458781
"2036";0,000322163870946023
"2037";0,000321428538754353
"2038";0,000321245469226123
"2039";0,000320956874105745
"2040";0,00032025031110739
"2041";0,000319621691973755
"2042";0,000318623127136151
"2043";0,000317926350605965
"2044";0,00031733719955095
"2045";0,00031714787998981
"2046";0,00031592845550575
"2047";0,000315312918184177
"2048";0,000315027959986686
"2049";0,000314485581032946
"2050";0,000313821803642217
"2051";0,000312940441785718
"2052";0,000312394233753377
"2053";0,000311736250095021
"2054";0,000311034360613122
"2055";0,000310838296963389
"2056";0,00031047318206062
"2057";0,000310123004981697
"2058";0,000309241096078738
"2059";0,000307722103518815
"2060";0,000307399448023894
"2061";0,000307201826015198
"2062";0,000306592749437988
"2063";0,000306143366628429
"2064";0,000305438257212371
"2065";0,000304930654606525
"2066";0,000304319133751104
"2067";0,000303407558848253
"2068";0,000303013968508281
"2069";0,000302197042784891
"2070";0,000301462857167773
"2071";0,000301111106495271
"2072";0,000300560417054485
"2073";0,000299242533510914
"2074";0,000298793689006145
"2075";0,000298541958231535
"2076";0,000298083901443777
"2077";0,000297471131687037
"2078";0,000297095069641729
"2079";0,000296248495563518
"2080";0,000295408879700333
"2081";0,000294625053819425
"2082";0,000293948758793954
"2083";0,000293747341277649
"2084";0,00029291834859514
"2085";0,000292190943133814
"2086";0,000291844159700335
"2087";0,000291551896048597
"2088";0,0002908580375678
"2089";0,000290119422275332
"2090";0,000289889106875382
"2091";0,000289488318277582
"2092";0,000288669616650198
"2093";0,000288225703723572
"2094";0,000287844103748148
"2095";0,000286926434769571
"2096";0,000286317393530943
"2097";0,000286138220249301
"2098";0,000285358596958505
"2099";0,00028482029927996
"2100";0,000284319276904928
"2101";0,000283699260750181
"2102";0,000283324561936197
"2103";0,000282080151783361
"2104";0,000281926145743578
"2105";0,000281334085623972
"2106";0,000279995436036567
"2107";0,000279476050809703
"2108";0,000279003655611279
"2109";0,000278442594163058
"2110";0,00027806292913489
"2111";0,000277863999167757
"2112";0,000276644766337133
"2113";0,000276319119591361
"2114";0,000275813383994718
"2115";0,000275405348608027
"2116";0,000274857424710247
"2117";0,000274065638846124
"2118";0,000273231126153006
"2119";0,000272912154786082
"2120";0,000272481455792133
"2121";0,000271658043975971
"2122";0,000271267806126984
"2123";0,000270681561230471
"2124";0,000270191660645136
"2125";0,00027003941702763
"2126";0,000269025377548562
"2127";0,000268807371171604
"2128";0,000268775645931631
"2129";0,000267005871643274
"2130";0,000266838248723872
"2131";0,000266325152167782
"2132";0,000265924541439651
"2133";0,000265228331339639
"2134";0,000264784837450918
"2135";0,000263682092020417
"2136";0,000263051736676986
"2137";0,000262236173880658
"2138";0,000262016209376469
"2139";0,000261544319540236
"2140";0,000261086833811264
"2141";0,000260249497698398
"2142";0,000260088578049476
"2143";0,00025928266259259
"2144";0,000259065025935205
"2145";0,000258529395266683
"2146";0,000257955423120984
"2147";0,000256991732970257
"2148";0,00025647581132673
"2149";0,000256104904359048
"2150";0,00025585985090342
"2151";0,000254842849379785
"2152";0,000254449351370063
"2153";0,000253976737718319
"2154";0,000253430979986801
"2155";0,000252819068407884
"2156";0,000252479892282711
"2157";0,000251103274535719
"2158";0,000250928243767473
"2159";0,000250610809410665
"2160";0,000250344030830155
"2161";0,000249739673653825
"2162";0,000249536619564017
"2163";0,000248711971620182
"2164";0,000248035121517469
"2165";0,000247583025232575
"2166";0,000247384171541686
"2167";0,000246925233493197
"2168";0,000245913741942905
"2169";0,000245185721708571
"2170";0,000244680564408916
"2171";0,000244589361257261
"2172";0,000243841815753509
"2173";0,000243441739010167
"2174";0,00024312244096061
"2175";0,000242647801146691
"2176";0,000241669698147816
"2177";0,000241154906629782
"2178";0,000240433065005619
"2179";0,000240082681553371
"2180";0,000239864076596613
"2181";0,000239341463545878
"2182";0,000238661989983359
"2183";0,000238367077676848
"2184";0,000237690995542646
"2185";0,000236599524427798
"2186";0,000236239339290803
"2187";0,000235929810579468
"2188";0,00023534630457086
"2189";0,000235166979905596
"2190";0,000235032222229141
"2191";0,000234441352164057
"2192";0,000234040737130854
"2193";0,000233492092483394
"2194";0,000233302891797253
"2195";0,000232776451197045
"2196";0,000232253428083039
"2197";0,000231486986291379
"2198";0,000231156595730612
"2199";0,000230386448455389
"2200";0,000229434176962392
"2201";0,000229261331563779
"2202";0,000228735823504711
"2203";0,000228286562917663
"2204";0,000227749738580738
"2205";0,000227451564018186
"2206";0,000226923338474269
"2207";0,000226326914556404
"2208";0,000225806958147291
"2209";0,000225379715773151
"2210";0,000224540721384533
"2211";0,000224067045400398
"2212";0,000223782563156028
"2213";0,00022332859279389
"2214";0,000222890282589027
"2215";0,000222522236875469
"2216";0,000221832938107445
"2217";0,000221497129191047
"2218";0,000221074792642846
"2219";0,000220716919118174
"2220";0,000219754951366783
"2221";0,000219565719940521
"2222";0,000218936356193792
"2223";0,000218722686882646
"2224";0,000218150693174688
"2225";0,000217697543427907
"2226";0,000217423965252378
"2227";0,00021681803813991
"2228";0,000216292598935849
"2229";0,000215720262380593
"2230";0,000215359444332801
"2231";0,00021493191121043
"2232";0,000214517222449921
"2233";0,00021426987992844
"2234";0,000213550538860081
"2235";0,000213415980884177
"2236";0,000212691654842397
"2237";0,000212642459331554
"2238";0,000212065523482965
"2239";0,000211383317677183
"2240";0,000210974912608643
"2241";0,000210579838757962
"2242";0,000210137645697698
"2243";0,000209391840465893
"2244";0,000208835898659259
"2245";0,000208502482961657
"2246";0,000208171687696169
"2247";0,00020785029274781
"2248";0,000207170643822858
"2249";0,000207023332892039
"2250";0,000205919052859507
"2251";0,000205587963531916
"2252";0,000205216649467463
"2253";0,000204683186291776
"2254";0,000203944595573567
"2255";0,000203527358407809
"2256";0,000203280725012985
"2257";0,000202920640379727
"2258";0,000201866633894376
"2259";0,000201797011073911
"2260";0,00020137866349832
"2261";0,000201175076821366
"2262";0,000200753762874646
"2263";0,000200112796443243
"2264";0,000200038553536508
"2265";0,000199722000622291
"2266";0,000198871149615799
"2267";0,000198393099673309
"2268";0,000198113793537816
"2269";0,000197911190097458
"2270";0,000197376319470712
"2271";0,000196901000881741
"2272";0,000196727418423355
"2273";0,000196139243175899
"2274";0,000195472940299477
"2275";0,000195280017982188
"2276";0,000194468409202692
"2277";0,000194248032432799
"2278";0,00019369275532385
"2279";0,000193297690923208
"2280";0,000192887396533924
"2281";0,000192702601170863
"2282";0,000192444664166518
"2283";0,000192152292824977
"2284";0,000191817063019629
"2285";0,000191291328595899
"2286";0,000190931951774169
"2287";0,000190205132621209
"2288";0,000189921892758081
"2289";0,000189266491917107
"2290";0,000189077011689666
"2291";0,000188693915990578
"2292";0,000188345933727325
"2293";0,000187870609950238
"2294";0,00018719522636626
"2295";0,000186946092319158
"2296";0,000186128787093533
"2297";0,00018600552162143
"2298";0,000185318918096375
"2299";0,000184985814097005
"2300";0,000184648351222698
"2301";0,000183983473563576
"2302";0,000183799677994854
"2303";0,000183756725540978
"2304";0,000182580674552723
"2305";0,000181960051778614
"2306";0,000181682640581458
"2307";0,000181404878565484
"2308";0,000180705564374371
"2309";0,000180258038280123
"2310";0,000179821761542396
"2311";0,000179623858057743
"2312";0,000179255106950012
"2313";0,000179059206759817
"2314";0,000178994350759694
"2315";0,00017816981212513
"2316";0,000177957709095669
"2317";0,000177678741575365
"2318";0,000177129390643523
"2319";0,000176540964091354
"2320";0,000176212816328129
"2321";0,00017605113102057
"2322";0,000175012450385289
"2323";0,000174773917036151
"2324";0,000174680915077088
"2325";0,000173783965690808
"2326";0,000173553584224925
"2327";0,000173261156345418
"2328";0,00017293023414216
"2329";0,000172757183242388
"2330";0,00017226937741527
"2331";0,000171851311794079
"2332";0,00017179613547391
"2333";0,00017143906388226
"2334";0,000170937262865694
"2335";0,00017068416423734
"2336";0,00017006384904522
"2337";0,000169443332369302
"2338";0,000169316031406204
"2339";0,000169113126683454
"2340";0,000168766826934497
"2341";0,000168333214014068
"2342";0,000168235163881493
"2343";0,000167640678948631
"2344";0,00016691536077002
"2345";0,000166629443011819
"2346";0,0001662150178311
"2347";0,000165571324763899
"2348";0,000165461345251005
"2349";0,000165007163047453
"2350";0,000164942702993817
"2351";0,000164496121028513
"2352";0,000163918038034125
"2353";0,000163756958086594
"2354";0,000163556597454736
"2355";0,000162976532431597
"2356";0,00016293337618643
"2357";0,000162200025341995
"2358";0,000161835892114912
"2359";0,000161544758604044
"2360";0,000160573789936161
"2361";0,000160214924698757
"2362";0,000160021166869141
"2363";0,000159538961313396
"2364";0,000159223387699402
"2365";0,000158729556924871
"2366";0,000158572201483998
"2367";0,000158047197029147
"2368";0,000157585170988784
"2369";0,000156972365860378
"2370";0,000156912205106528
"2371";0,000156834748910934
"2372";0,000156326955495151
"2373";0,0001558667440342
"2374";0,000155636251902074
"2375";0,000155379810190986
"2376";0,000154972757418991
"2377";0,000154517081526536
"2378";0,000154141903520644
"2379";0,000153708307633586
"2380";0,000153539446537007
"2381";0,000153169205030892
"2382";0,000152718980020106
"2383";0,000152365983121498
"2384";0,000151945553267254
"2385";0,000151311784863108
"2386";0,000151170124650441
"2387";0,000150552658348658
"2388";0,000150443189643944
"2389";0,000150106860255393
"2390";0,000149739791836162
"2391";0,000149358356712176
"2392";0,000148727436056625
"2393";0,000148377402543996
"2394";0,00014828501416231
"2395";0,000148022048837157
"2396";0,000147789705446588
"2397";0,000147378086713234
"2398";0,000146567139805619
"2399";0,000146335909788486
"2400";0,000146139082276758
"2401";0,000145766758407547
"2402";0,000145387900889924
"2403";0,000145216895893041
"2404";0,000145055929070244
"2405";0,000144191410255389
"2406";0,000143609943943386
"2407";0,000143419516188095
"2408";0,000143031874002655
"2409";0,000142752900467077
"2410";0,000142558406034443
"2411";0,000142393070312181
"2412";0,000142153130080182
"2413";0,000141652021644247
"2414";0,000141463396667693
"2415";0,00014104014464107
"2416";0,000140885392344615
"2417";0,00014053843483609
"2418";0,000139978056492701
"2419";0,00013984636010579
"2420";0,000139822250964651
"2421";0,000139169399754611
"2422";0,000138984135485027
"2423";0,000138157601645222
"2424";0,000138012799003846
"2425";0,000137775387074775
"2426";0,00013720568669679
"2427";0,000136776166106021
"2428";0,000136537567555272
"2429";0,000136386477939882
"2430";0,000135833139595844
"2431";0,000135600166227217
"2432";0,000135321859507553
"2433";0,000134972444015911
"2434";0,000134705963360947
"2435";0,000134583678823494
"2436";0,000134112224394497
"2437";0,000133509164117755
"2438";0,000133286001631476
"2439";0,000132970262882051
"2440";0,000132613272256424
"2441";0,000132305471522527
"2442";0,000131834677353962
"2443";0,000131521551496635
"2444";0,000131297212470213
"2445";0,000131105279426901
"2446";0,000130898223303739
"2447";0,000130181728722829
"2448";0,000129953959076593
"2449";0,00012956527051883
"2450";0,00012935490408282
"2451";0,000129091648223892
"2452";0,000128811236070197
"2453";0,000128697460686115
"2454";0,000128392521505448
"2455";0,000127975649012177
"2456";0,000127604674524103
"2457";0,000127576788858479
"2458";0,000127098121613805
"2459";0,000126606512532183
"2460";0,000126227296748089
"2461";0,000126094796598032
"2462";0,00012573149305642
"2463";0,000125186139339446
"2464";0,00012508756276217
"2465";0,000124798368416566
"2466";0,000124252630799886
"2467";0,000124045429138947
"2468";0,000123904035387829
"2469";0,000123389787550019
"2470";0,000123078472652198
"2471";0,000122478738237906
"2472";0,000122174514212054
"2473";0,000121976774339456
"2474";0,000121806767442247
"2475";0,000121718347321815
"2476";0,000121558806394112
"2477";0,000121280702666835
"2478";0,000121005919710424
"2479";0,000120364765210808
"2480";0,000120086218238157
"2481";0,00011971620590338
"2482";0,00011940194861655
"2483";0,000119250286283295
"2484";0,000118973550076977
"2485";0,000118670540361557
"2486";0,000118350510672595
"2487";0,000118212152225255
"2488";0,000117962902589326
"2489";0,000117619846261153
"2490";0,000117403020582462
"2491";0,000116912213545607
"2492";0,000116634090203615
"2493";0,000116562917940919
"2494";0,000115961297406614
"2495";0,000115743401023379
"2496";0,000115021064862588
"2497";0,000114908846168799
"2498";0,00011474730406137
"2499";0,000114512262984925
"2500";0,000114226214858696
"2501";0,000113736755185765
"2502";0,000113519831308
"2503";0,000113439135737488
"2504";0,000112961147939528
"2505";0,000112929917340134
"2506";0,000112754783134558
"2507";0,000112245352366744
"2508";0,000111880001719306
"2509";0,000111505822317849
"2510";0,000111411600274397
"2511";0,000111111598707853
"2512";0,000110737897282954
"2513";0,000110144509053975
"2514";0,000110085463046539
"2515";0,000109821707254102
"2516";0,000109629343827948
"2517";0,000109343385327761
"2518";0,000109212451276773
"2519";0,000108941308934429
"2520";0,000108592085569819
"2521";0,000108296031744788
"2522";0,000108126294533482
"2523";0,00010783082167347
"2524";0,000107662452387417
"2525";0,000107592543793973
"2526";0,0001070757927083
"2527";0,000106703185059531
"2528";0,000106384587163331
"2529";0,000106315751677462
"2530";0,000106186874964315
"2531";0,000105778869213974
"2532";0,000105642410804138
"2533";0,000105304439884265
"2534";0,000105159483536646
"2535";0,000104577090782989
"2536";0,00010406719254798
"2537";0,000103782732807282
"2538";0,000103662486705473
"2539";0,000103360285157065
"2540";0,000103287543368892
"2541";0,000103025785573002
"2542";0,000102655486678071
"2543";0,000102440772003406
"2544";0,000101806576883834
"2545";0,000101721649618859
"2546";0,000101508155313443
"2547";0,000101459959315372
"2548";0,000101088759579665
"2549";0,000100521462012474
"2550";0,000100286154256325
"2551";0,000100138527580887
"2552";9,99181522981367e-05
"2553";9,98078725191297e-05
"2554";9,9483499464779e-05
"2555";9,9246186573887e-05
"2556";9,9031251745854e-05
"2557";9,89773312816732e-05
"2558";9,87049955625656e-05
"2559";9,84105895472855e-05
"2560";9,82133960987395e-05
"2561";9,80514270948062e-05
"2562";9,77282946893636e-05
"2563";9,76827584805838e-05
"2564";9,7256905801495e-05
"2565";9,71025889275672e-05
"2566";9,68404258057739e-05
"2567";9,64231763390971e-05
"2568";9,62414803182102e-05
"2569";9,59815415260428e-05
"2570";9,58402990736992e-05
"2571";9,52660937729662e-05
"2572";9,52427350530694e-05
"2573";9,50649362130027e-05
"2574";9,45706862281958e-05
"2575";9,433554632178e-05
"2576";9,4241405324482e-05
"2577";9,37161261832748e-05
"2578";9,35920325009378e-05
"2579";9,32378386098278e-05
"2580";9,27911641963233e-05
"2581";9,24030045535563e-05
"2582";9,22214071422463e-05
"2583";9,19240667006865e-05
"2584";9,1796948803641e-05
"2585";9,16240853978738e-05
"2586";9,13223362291091e-05
"2587";9,11440796094909e-05
"2588";9,09424763857083e-05
"2589";9,07924287717476e-05
"2590";9,06044028701218e-05
"2591";9,05068612750961e-05
"2592";8,99305914496434e-05
"2593";8,97624436109639e-05
"2594";8,92917462728921e-05
"2595";8,91075897838986e-05
"2596";8,89101684346326e-05
"2597";8,8842733753746e-05
"2598";8,86037746381628e-05
"2599";8,83430774185563e-05
"2600";8,81580965271389e-05
"2601";8,7976550517892e-05
"2602";8,76181599333673e-05
"2603";8,75179920234818e-05
"2604";8,73876994149259e-05
"2605";8,68764326754396e-05
"2606";8,66245300570513e-05
"2607";8,64949378727042e-05
"2608";8,63254435551283e-05
"2609";8,60397708815693e-05
"2610";8,57827884464476e-05
"2611";8,56250855962737e-05
"2612";8,5435051750495e-05
"2613";8,50382562662489e-05
"2614";8,49824820260164e-05
"2615";8,4695749119809e-05
"2616";8,42259010471586e-05
"2617";8,416492241079e-05
"2618";8,40958491983014e-05
"2619";8,3676482921583e-05
"2620";8,33945775635098e-05
"2621";8,32052765900132e-05
"2622";8,31417941893682e-05
"2623";8,28440464458063e-05
"2624";8,26371935965815e-05
"2625";8,23853984322983e-05
"2626";8,22579747178824e-05
"2627";8,21035378188378e-05
"2628";8,18022619904439e-05
"2629";8,15432099724323e-05
"2630";8,13349452626973e-05
"2631";8,1293547757711e-05
"2632";8,07580184282042e-05
"2633";8,0660524075681e-05
"2634";8,05009240776219e-05
"2635";8,02208455979275e-05
"2636";7,9950083228048e-05
"2637";7,97066096781727e-05
"2638";7,96590665763831e-05
"2639";7,95056140333905e-05
"2640";7,9227475881877e-05
"2641";7,9101562744722e-05
"2642";7,88495587101953e-05
"2643";7,8422871317963e-05
"2644";7,82444909892673e-05
"2645";7,78757655132334e-05
"2646";7,75721611286886e-05
"2647";7,73979217321228e-05
"2648";7,73038664015285e-05
"2649";7,69650650084787e-05
"2650";7,67607952761001e-05
"2651";7,66203821662634e-05
"2652";7,6497790070884e-05
"2653";7,62323355981223e-05
"2654";7,5784640254407e-05
"2655";7,56696709372869e-05
"2656";7,5474011326596e-05
"2657";7,53372597597787e-05
"2658";7,49387430508996e-05
"2659";7,4864071097412e-05
"2660";7,47646979028092e-05
"2661";7,45968272229972e-05
"2662";7,43191773730317e-05
"2663";7,39650435304537e-05
"2664";7,35383608414236e-05
"2665";7,34142470352209e-05
"2666";7,33441924487118e-05
"2667";7,32907708424758e-05
"2668";7,3048018774932e-05
"2669";7,2784344045327e-05
"2670";7,24673777848053e-05
"2671";7,23591987123119e-05
"2672";7,22583132156996e-05
"2673";7,21966486666279e-05
"2674";7,1785503220868e-05
"2675";7,16928511357983e-05
"2676";7,15229778554787e-05
"2677";7,1362780764092e-05
"2678";7,11802772617491e-05
"2679";7,10624427846932e-05
"2680";7,08480255213127e-05
"2681";7,0656069801237e-05
"2682";7,04638092356023e-05
"2683";7,02569276630353e-05
"2684";6,98092571125927e-05
"2685";6,97173511501761e-05
"2686";6,95514483656582e-05
"2687";6,92634875384353e-05
"2688";6,90870899183931e-05
"2689";6,8780336768581e-05
"2690";6,87144325228852e-05
"2691";6,84302859429814e-05
"2692";6,82351710611382e-05
"2693";6,80662775012617e-05
"2694";6,78973398171112e-05
"2695";6,77900297313259e-05
"2696";6,76608566101517e-05
"2697";6,75388329534954e-05
"2698";6,72835930012264e-05
"2699";6,70878380377183e-05
"2700";6,6970706522478e-05
"2701";6,67776299110942e-05
"2702";6,67284048925661e-05
"2703";6,63976574889099e-05
"2704";6,63046517968592e-05
"2705";6,61499695245535e-05
"2706";6,59582542819219e-05
"2707";6,58792778347236e-05
"2708";6,53231367858672e-05
"2709";6,51832251301227e-05
"2710";6,50265158523354e-05
"2711";6,49609161702607e-05
"2712";6,46307072443212e-05
"2713";6,44839085656801e-05
"2714";6,42342084620409e-05
"2715";6,41602552126213e-05
"2716";6,39620005368367e-05
"2717";6,37461226501398e-05
"2718";6,36801395761412e-05
"2719";6,33537182302244e-05
"2720";6,31077781781212e-05
"2721";6,28818611636703e-05
"2722";6,28073060334073e-05
"2723";6,25697271089791e-05
"2724";6,24758377074861e-05
"2725";6,23552349009225e-05
"2726";6,20803288632558e-05
"2727";6,20311908635585e-05
"2728";6,18463214554893e-05
"2729";6,17103987280905e-05
"2730";6,15685481591415e-05
"2731";6,13335283216923e-05
"2732";6,11326762368893e-05
"2733";6,10017123766355e-05
"2734";6,08557425158874e-05
"2735";6,07590172424963e-05
"2736";6,04537116781302e-05
"2737";6,03622492715465e-05
"2738";6,0256393126723e-05
"2739";6,01011770377496e-05
"2740";5,99234325801487e-05
"2741";5,96119733629498e-05
"2742";5,95553437076e-05
"2743";5,93492263770457e-05
"2744";5,91226331015382e-05
"2745";5,90059031467729e-05
"2746";5,88765752300795e-05
"2747";5,8689049398367e-05
"2748";5,85994936685978e-05
"2749";5,83013419581795e-05
"2750";5,81573008157958e-05
"2751";5,8015379019215e-05
"2752";5,79136673225404e-05
"2753";5,75412403044761e-05
"2754";5,74456656445743e-05
"2755";5,72077383661002e-05
"2756";5,70232553128045e-05
"2757";5,66927881931534e-05
"2758";5,66176258706723e-05
"2759";5,65495683099184e-05
"2760";5,64466449271065e-05
"2761";5,63411156358078e-05
"2762";5,62832210893328e-05
"2763";5,61855138238379e-05
"2764";5,58657311736788e-05
"2765";5,5773648927026e-05
"2766";5,57076861486698e-05
"2767";5,52579624271123e-05
"2768";5,50957421587159e-05
"2769";5,49462184082879e-05
"2770";5,47142944210711e-05
"2771";5,45795487038492e-05
"2772";5,44464116810666e-05
"2773";5,4371278109899e-05
"2774";5,41790666769252e-05
"2775";5,41689055802804e-05
"2776";5,40217814043394e-05
"2777";5,39300903932712e-05
"2778";5,37878698727754e-05
"2779";5,34745958328778e-05
"2780";5,33425289979764e-05
"2781";5,3122324385954e-05
"2782";5,30292729578493e-05
"2783";5,27007473694788e-05
"2784";5,25726668834379e-05
"2785";5,2493018982136e-05
"2786";5,22441419343489e-05
"2787";5,22405509122577e-05
"2788";5,21111447693123e-05
"2789";5,19710122752802e-05
"2790";5,17530654341133e-05
"2791";5,15942352619097e-05
"2792";5,15726748776013e-05
"2793";5,14745248676856e-05
"2794";5,14283205322451e-05
"2795";5,11275538651753e-05
"2796";5,10764405439026e-05
"2797";5,09806882301574e-05
"2798";5,06062937530479e-05
"2799";5,04198246115396e-05
"2800";5,03790922071263e-05
"2801";5,01240062515722e-05
"2802";5,0085667099935e-05
"2803";4,98466217439659e-05
"2804";4,96732232974135e-05
"2805";4,95405491323854e-05
"2806";4,943766775691e-05
"2807";4,92202173963318e-05
"2808";4,90025342174484e-05
"2809";4,89482885937305e-05
"2810";4,88669495240769e-05
"2811";4,86856748340966e-05
"2812";4,84965443301525e-05
"2813";4,82588742789717e-05
"2814";4,8073289004436e-05
"2815";4,80208496060656e-05
"2816";4,80086752740639e-05
"2817";4,79394138240985e-05
"2818";4,77676617361943e-05
"2819";4,7570309229832e-05
"2820";4,72789931854281e-05
"2821";4,71793410040678e-05
"2822";4,69735517358581e-05
"2823";4,68398970936571e-05
"2824";4,67819017246802e-05
"2825";4,66449259127196e-05
"2826";4,65179991112939e-05
"2827";4,63596897957716e-05
"2828";4,62428411411206e-05
"2829";4,61159910797349e-05
"2830";4,60093622214921e-05
"2831";4,58300727412826e-05
"2832";4,56166156123537e-05
"2833";4,55703248479142e-05
"2834";4,53459457965489e-05
"2835";4,52571650197125e-05
"2836";4,5143449503609e-05
"2837";4,49353294168944e-05
"2838";4,47620485558951e-05
"2839";4,46647835343702e-05
"2840";4,44673422728751e-05
"2841";4,42710503580947e-05
"2842";4,41780171548922e-05
"2843";4,41371278639534e-05
"2844";4,40031557774657e-05
"2845";4,38970598519302e-05
"2846";4,381572801724e-05
"2847";4,37132273572251e-05
"2848";4,35972941952626e-05
"2849";4,33025075894584e-05
"2850";4,32105572424686e-05
"2851";4,30541098470813e-05
"2852";4,27973260654761e-05
"2853";4,2763178117867e-05
"2854";4,25578427191334e-05
"2855";4,23206195107449e-05
"2856";4,21715141769419e-05
"2857";4,21249730829037e-05
"2858";4,20683146203801e-05
"2859";4,1985996465781e-05
"2860";4,19192662171348e-05
"2861";4,16830089925938e-05
"2862";4,15446310854941e-05
"2863";4,15053611814807e-05
"2864";4,14823724555844e-05
"2865";4,13895439515821e-05
"2866";4,12116672388239e-05
"2867";4,10078987372854e-05
"2868";4,08598995992587e-05
"2869";4,07247749251721e-05
"2870";4,05874142910619e-05
"2871";4,05044681563541e-05
"2872";4,03252320021877e-05
"2873";4,01508482590282e-05
"2874";4,0093051026954e-05
"2875";3,99913752155052e-05
"2876";3,99246114860251e-05
"2877";3,98317057238771e-05
"2878";3,96362440492282e-05
"2879";3,95563712717759e-05
"2880";3,94856667315042e-05
"2881";3,93892393384549e-05
"2882";3,93754236371697e-05
"2883";3,90884833803619e-05
"2884";3,89774987986123e-05
"2885";3,89292301896466e-05
"2886";3,8900848479977e-05
"2887";3,86005804064193e-05
"2888";3,84584744506674e-05
"2889";3,82354607523902e-05
"2890";3,81523220555857e-05
"2891";3,80361793892277e-05
"2892";3,79372750921874e-05
"2893";3,78579055620242e-05
"2894";3,77885881449828e-05
"2895";3,75661731111565e-05
"2896";3,74777780131815e-05
"2897";3,73945092333741e-05
"2898";3,71996460668691e-05
"2899";3,70407541956605e-05
"2900";3,70056216742947e-05
"2901";3,69773522783441e-05
"2902";3,6723655702346e-05
"2903";3,66205931050301e-05
"2904";3,65906902014675e-05
"2905";3,65270910249924e-05
"2906";3,63137283456206e-05
"2907";3,60641413297881e-05
"2908";3,60117151843159e-05
"2909";3,59739957140094e-05
"2910";3,58808016246263e-05
"2911";3,56520248301908e-05
"2912";3,56071109849683e-05
"2913";3,55014213644127e-05
"2914";3,53377611469821e-05
"2915";3,51804761654114e-05
"2916";3,51645736100003e-05
"2917";3,48840444692029e-05
"2918";3,48650001867502e-05
"2919";3,4754370135881e-05
"2920";3,46993851553046e-05
"2921";3,46356310822691e-05
"2922";3,4486226383108e-05
"2923";3,43885698007235e-05
"2924";3,4245071774197e-05
"2925";3,40414300556593e-05
"2926";3,3965250322204e-05
"2927";3,39564729327324e-05
"2928";3,3814705650814e-05
"2929";3,36116575759635e-05
"2930";3,35194901323253e-05
"2931";3,34191069104311e-05
"2932";3,33578489670755e-05
"2933";3,32465673063277e-05
"2934";3,31667129766765e-05
"2935";3,3107743729925e-05
"2936";3,30699555961273e-05
"2937";3,27843501291134e-05
"2938";3,2624541642376e-05
"2939";3,25895891552377e-05
"2940";3,24054787195277e-05
"2941";3,22346642147533e-05
"2942";3,21674410429626e-05
"2943";3,2054113918202e-05
"2944";3,19307572296085e-05
"2945";3,18624074428206e-05
"2946";3,17807192356011e-05
"2947";3,14986777071263e-05
"2948";3,14750567036597e-05
"2949";3,14043546301293e-05
"2950";3,13349287251383e-05
"2951";3,12110146417007e-05
"2952";3,11547761517109e-05
"2953";3,10614870861358e-05
"2954";3,10033687405098e-05
"2955";3,08456940628926e-05
"2956";3,07884411268994e-05
"2957";3,06637624376763e-05
"2958";3,06110010051425e-05
"2959";3,05585374500279e-05
"2960";3,04330106684548e-05
"2961";3,03617495933419e-05
"2962";3,01449960192185e-05
"2963";3,00258051327366e-05
"2964";2,99185089583365e-05
"2965";2,98256463650148e-05
"2966";2,96626219890548e-05
"2967";2,960109195358e-05
"2968";2,94804357284096e-05
"2969";2,93574015054504e-05
"2970";2,92470922201634e-05
"2971";2,92249362728199e-05
"2972";2,91202903163123e-05
"2973";2,90580598717497e-05
"2974";2,89779040308125e-05
"2975";2,88651212433178e-05
"2976";2,87108036032331e-05
"2977";2,85883390921329e-05
"2978";2,85240666085962e-05
"2979";2,8390462999272e-05
"2980";2,8320181942768e-05
"2981";2,82084062258163e-05
"2982";2,81569703743907e-05
"2983";2,80975436062148e-05
"2984";2,80210774645559e-05
"2985";2,77752773150955e-05
"2986";2,77081909832977e-05
"2987";2,76195093176279e-05
"2988";2,75549256423094e-05
"2989";2,74617887518375e-05
"2990";2,73814229733792e-05
"2991";2,73385010990314e-05
"2992";2,73217115816386e-05
"2993";2,71665817029733e-05
"2994";2,70998766288932e-05
"2995";2,69940139147668e-05
"2996";2,68844392234952e-05
"2997";2,6809912844495e-05
"2998";2,67566407586309e-05
"2999";2,66157938598777e-05
"3000";2,65079434327695e-05
"3001";2,63938131606492e-05
"3002";2,62697362662345e-05
"3003";2,62293211782075e-05
"3004";2,611317697125e-05
"3005";2,60644566585249e-05
"3006";2,59966893529248e-05
"3007";2,58872312314565e-05
"3008";2,58476572126171e-05
"3009";2,56857877113463e-05
"3010";2,55524149583069e-05
"3011";2,54993134946127e-05
"3012";2,53544253186949e-05
"3013";2,52778876178963e-05
"3014";2,52411935387782e-05
"3015";2,49982054331082e-05
"3016";2,49844882885941e-05
"3017";2,4909557066116e-05
"3018";2,4858787990008e-05
"3019";2,4806747093037e-05
"3020";2,4699246443335e-05
"3021";2,46292626165587e-05
"3022";2,45884248365147e-05
"3023";2,44805191742326e-05
"3024";2,44023510368165e-05
"3025";2,4323329972476e-05
"3026";2,41352644154816e-05
"3027";2,40699245339388e-05
"3028";2,39730568998952e-05
"3029";2,39377778710129e-05
"3030";2,38682521266901e-05
"3031";2,37270795250238e-05
"3032";2,35942043049234e-05
"3033";2,34522099624841e-05
"3034";2,34361807432165e-05
"3035";2,33771141818791e-05
"3036";2,33083135950897e-05
"3037";2,3226429457732e-05
"3038";2,3146822970015e-05
"3039";2,31204260230225e-05
"3040";2,30166066932525e-05
"3041";2,29302049453981e-05
"3042";2,28230575134929e-05
"3043";2,281053261141e-05
"3044";2,2687006174402e-05
"3045";2,26123270035305e-05
"3046";2,2523020667057e-05
"3047";2,2506699170716e-05
"3048";2,23415191052795e-05
"3049";2,22710692010808e-05
"3050";2,22006808542019e-05
"3051";2,20716665086864e-05
"3052";2,19877900866011e-05
"3053";2,18889100490211e-05
"3054";2,17664706601486e-05
"3055";2,17183947832637e-05
"3056";2,16443014630312e-05
"3057";2,15368851989417e-05
"3058";2,14235901250492e-05
"3059";2,13422416396154e-05
"3060";2,1273900425941e-05
"3061";2,12593984331769e-05
"3062";2,1143446322335e-05
"3063";2,10428515805205e-05
"3064";2,09841989688486e-05
"3065";2,09192547004608e-05
"3066";2,08938470805214e-05
"3067";2,08489408558675e-05
"3068";2,07615323393179e-05
"3069";2,07407241906228e-05
"3070";2,06173699243302e-05
"3071";2,05573256861399e-05
"3072";2,04368854382554e-05
"3073";2,03923792931623e-05
"3074";2,02794092575289e-05
"3075";2,02557034985021e-05
"3076";2,01322286580834e-05
"3077";2,00163567764144e-05
"3078";1,99506222275402e-05
"3079";1,99135100533637e-05
"3080";1,98123696991967e-05
"3081";1,97255623828528e-05
"3082";1,97123285695721e-05
"3083";1,96223639749532e-05
"3084";1,94927010491482e-05
"3085";1,94340191398715e-05
"3086";1,94014336387188e-05
"3087";1,93525509104743e-05
"3088";1,93144672099515e-05
"3089";1,91474224607681e-05
"3090";1,89938777469967e-05
"3091";1,89577207979981e-05
"3092";1,89450936804908e-05
"3093";1,8861774915099e-05
"3094";1,8771070744606e-05
"3095";1,8723336344129e-05
"3096";1,86703508674497e-05
"3097";1,86055465337064e-05
"3098";1,85455979812606e-05
"3099";1,8435391772997e-05
"3100";1,82944339992069e-05
"3101";1,82636585823895e-05
"3102";1,81003895281326e-05
"3103";1,80167641088799e-05
"3104";1,79661280458459e-05
"3105";1,78988914938948e-05
"3106";1,78561956587312e-05
"3107";1,7789818867721e-05
"3108";1,77072232513978e-05
"3109";1,76215602258948e-05
"3110";1,75612792778094e-05
"3111";1,74415453496391e-05
"3112";1,73569418744532e-05
"3113";1,7303613198871e-05
"3114";1,72667945961839e-05
"3115";1,72014096108166e-05
"3116";1,71015118312133e-05
"3117";1,70400434952619e-05
"3118";1,70092648321985e-05
"3119";1,69157976146812e-05
"3120";1,68809943000548e-05
"3121";1,68032705353675e-05
"3122";1,67521556985785e-05
"3123";1,66229997681669e-05
"3124";1,65187234309146e-05
"3125";1,64563011284168e-05
"3126";1,63778963922163e-05
"3127";1,63458002542661e-05
"3128";1,62846245791787e-05
"3129";1,61624170579341e-05
"3130";1,6159057402912e-05
"3131";1,60867194737376e-05
"3132";1,59841986200395e-05
"3133";1,59014399664931e-05
"3134";1,58792095757948e-05
"3135";1,57959454325917e-05
"3136";1,57636057751671e-05
"3137";1,57383041507545e-05
"3138";1,5685947220185e-05
"3139";1,55396417002291e-05
"3140";1,54670668311777e-05
"3141";1,54468231367875e-05
"3142";1,53651042179689e-05
"3143";1,53373603883166e-05
"3144";1,52983576568071e-05
"3145";1,52038332726206e-05
"3146";1,51382290259436e-05
"3147";1,5046336264543e-05
"3148";1,49912063492848e-05
"3149";1,48963186819735e-05
"3150";1,48195865548612e-05
"3151";1,48068048290017e-05
"3152";1,47264925135193e-05
"3153";1,46763577153398e-05
"3154";1,46481707991483e-05
"3155";1,46010983256306e-05
"3156";1,45904912609334e-05
"3157";1,44329286931734e-05
"3158";1,43804183695618e-05
"3159";1,43507888689126e-05
"3160";1,42881569533987e-05
"3161";1,41622941624472e-05
"3162";1,41179075626657e-05
"3163";1,40463340350666e-05
"3164";1,39349337236556e-05
"3165";1,38779652648011e-05
"3166";1,38606161055991e-05
"3167";1,37844911815386e-05
"3168";1,37336328573579e-05
"3169";1,36757916768926e-05
"3170";1,35955101941913e-05
"3171";1,35228098146554e-05
"3172";1,3448293935449e-05
"3173";1,33760649521846e-05
"3174";1,33327772611406e-05
"3175";1,3259972627633e-05
"3176";1,32173000412061e-05
"3177";1,31654700709226e-05
"3178";1,30869420971045e-05
"3179";1,30546200307768e-05
"3180";1,29978529341153e-05
"3181";1,29738754078309e-05
"3182";1,2955764368504e-05
"3183";1,28868459770992e-05
"3184";1,28687842757437e-05
"3185";1,2776253440228e-05
"3186";1,27398920845225e-05
"3187";1,26770805106216e-05
"3188";1,25868672510979e-05
"3189";1,25252708379085e-05
"3190";1,24871905250925e-05
"3191";1,24235883049436e-05
"3192";1,23211236061252e-05
"3193";1,22745571040445e-05
"3194";1,22015484519158e-05
"3195";1,21754680670027e-05
"3196";1,2118616308351e-05
"3197";1,20829299273571e-05
"3198";1,20122126051599e-05
"3199";1,19496889975824e-05
"3200";1,18767364919317e-05
"3201";1,1833460618759e-05
"3202";1,17381575781234e-05
"3203";1,17100067891046e-05
"3204";1,16786041386957e-05
"3205";1,15792460889432e-05
"3206";1,15263434964214e-05
"3207";1,149882644577e-05
"3208";1,14375468648953e-05
"3209";1,13731998941596e-05
"3210";1,13245598708176e-05
"3211";1,13060011063008e-05
"3212";1,12792995731619e-05
"3213";1,12099249042561e-05
"3214";1,11857876528738e-05
"3215";1,11336649607793e-05
"3216";1,10651013366397e-05
"3217";1,09516506684028e-05
"3218";1,09325088790342e-05
"3219";1,09084709458007e-05
"3220";1,08803263335328e-05
"3221";1,07603014711018e-05
"3222";1,07575978906876e-05
"3223";1,06909523113317e-05
"3224";1,06500488034066e-05
"3225";1,06315797359515e-05
"3226";1,06206426576954e-05
"3227";1,05038705413566e-05
"3228";1,04256106868648e-05
"3229";1,04096256917381e-05
"3230";1,03700799291951e-05
"3231";1,02749591036128e-05
"3232";1,02292263238243e-05
"3233";1,01250637456123e-05
"3234";1,00888632866829e-05
"3235";1,00686263357713e-05
"3236";1,002312325802e-05
"3237";9,99737338110873e-06
"3238";9,9551106925983e-06
"3239";9,92016907562659e-06
"3240";9,86276788646407e-06
"3241";9,75767855849386e-06
"3242";9,7403121394148e-06
"3243";9,6532025702079e-06
"3244";9,60505914478429e-06
"3245";9,5889026841969e-06
"3246";9,5341748102239e-06
"3247";9,50672703147415e-06
"3248";9,42768739899376e-06
"3249";9,33785143470157e-06
"3250";9,28760499067002e-06
"3251";9,23152218882419e-06
"3252";9,15588230274812e-06
"3253";9,12249409503772e-06
"3254";9,07037519548094e-06
"3255";9,0476398459186e-06
"3256";8,98685291418508e-06
"3257";8,93466912538699e-06
"3258";8,90738117334429e-06
"3259";8,85806864392223e-06
"3260";8,82070940902639e-06
"3261";8,81459431201201e-06
"3262";8,67284288049161e-06
"3263";8,64782586488156e-06
"3264";8,61531475299658e-06
"3265";8,55706825702207e-06
"3266";8,51830296578003e-06
"3267";8,48586080779441e-06
"3268";8,38734440435995e-06
"3269";8,3611567152968e-06
"3270";8,32150752096474e-06
"3271";8,30398706169551e-06
"3272";8,20582807386912e-06
"3273";8,17664130681611e-06
"3274";8,10160556978521e-06
"3275";8,06764656863192e-06
"3276";7,98516232094756e-06
"3277";7,95059128971475e-06
"3278";7,87472118376035e-06
"3279";7,85278433162463e-06
"3280";7,81608637514732e-06
"3281";7,81413847857254e-06
"3282";7,75800260233348e-06
"3283";7,71095059142288e-06
"3284";7,62051030941441e-06
"3285";7,58089863082185e-06
"3286";7,52555310935927e-06
"3287";7,50339895127857e-06
"3288";7,46951284622295e-06
"3289";7,3713387830058e-06
"3290";7,3355486255542e-06
"3291";7,25425432919592e-06
"3292";7,23640960521497e-06
"3293";7,17842395516605e-06
"3294";7,16493495360406e-06
"3295";7,09977443936548e-06
"3296";7,04259475298869e-06
"3297";7,01639774110246e-06
"3298";6,97164625961322e-06
"3299";6,89590064608844e-06
"3300";6,8429570188584e-06
"3301";6,75813761244549e-06
"3302";6,72281528414676e-06
"3303";6,67136043909312e-06
"3304";6,63447421196678e-06
"3305";6,56963967575966e-06
"3306";6,49270953279769e-06
"3307";6,45122241067775e-06
"3308";6,39681121487323e-06
"3309";6,36917514297697e-06
"3310";6,35110460252337e-06
"3311";6,27491749856503e-06
"3312";6,17265992622572e-06
"3313";6,15364170402044e-06
"3314";6,0715344883084e-06
"3315";6,02247541357114e-06
"3316";5,99066336308506e-06
"3317";5,96649371277784e-06
"3318";5,92520019741492e-06
"3319";5,85002276831292e-06
"3320";5,77612337719398e-06
"3321";5,75854065442119e-06
"3322";5,68547741405142e-06
"3323";5,59356547686189e-06
"3324";5,57077091292017e-06
"3325";5,51462637917624e-06
"3326";5,46788529178105e-06
"3327";5,38834150378393e-06
"3328";5,34328583404745e-06
"3329";5,30048938362754e-06
"3330";5,26015496751184e-06
"3331";5,18531911153066e-06
"3332";5,1590066857758e-06
"3333";5,07823910601369e-06
"3334";5,02926097613604e-06
"3335";4,94452491857489e-06
"3336";4,89825857601759e-06
"3337";4,80148973678673e-06
"3338";4,78974786009252e-06
"3339";4,74665087499793e-06
"3340";4,63725745344281e-06
"3341";4,61940078230071e-06
"3342";4,575514410793e-06
"3343";4,54356513112644e-06
"3344";4,50207666899194e-06
"3345";4,36182653188138e-06
"3346";4,27771582002783e-06
"3347";4,23393481254207e-06
"3348";4,20006492596111e-06
"3349";4,12289055499901e-06
"3350";3,99331615682243e-06
"3351";3,97350810007149e-06
"3352";3,86798090675465e-06
"3353";3,77893310498094e-06
"3354";3,72198258402674e-06
"3355";3,67907251505235e-06
"3356";3,57588129777513e-06
"3357";3,42029111194231e-06
"3358";3,38694096439152e-06
"3359";3,18204736285435e-06
"3360";2,93300619534489e-06
"3361";2,7098197298697e-06
"3362";2,47599699829117e-06
"3363";2,41262677658339e-06
"3364";1,99346265687437e-06
